word,syl,freq,len,complexity,label
ad,1,5.75e-05,2,0.6015764260249554,Hard
adam,2,3.72e-05,4,0.55,Hard
adams,2,1.78e-05,5,0.6066176470588236,Hard
aer,1,5.37e-07,3,0.46590909090909083,Hard
ak,1,5.37e-06,2,0.5588235294117647,Hard
aleph,2,2.45e-07,5,0.5568181818181818,Hard
app,1,7.24e-05,3,0.5588630323924442,Hard
aaron,2,1.7e-05,5,0.2976399331662489,Medium
abel,2,3.02e-06,4,0.2963800904977375,Medium
abner,2,6.92e-07,5,0.4411764705882353,Hard
abraham,3,9.55e-06,7,0.25636574074074076,Medium
absorption,3,4.57e-06,10,0.2058823529411764,Easy
accession,3,2.51e-06,9,0.483734827264239,Hard
act,1,0.0002,3,0.3026315789473685,Medium
aden,2,1.26e-06,4,0.3833333333333333,Hard
adjournment,3,4.57e-07,11,0.4125,Hard
adriatic,3,8.51e-07,8,0.390625,Hard
aegean,2,8.51e-07,6,0.5333333333333333,Hard
aeneas,2,3.63e-07,6,0.5588235294117647,Hard
affairs,2,4.68e-05,7,0.23015873015873015,Easy
afghanistan,4,1.7e-05,11,0.1833333333333333,Easy
africa,3,8.32e-05,6,0.2142857142857143,Easy
african,3,6.61e-05,7,0.2361111111111111,Easy
agee,2,2.69e-07,4,0.675,Hard
agency,3,7.41e-05,6,0.25,Medium
agenda,3,2e-05,6,0.2707282913165266,Medium
agreement,3,7.59e-05,9,0.23018382352941175,Easy
agreements,3,1.32e-05,10,0.1944444444444444,Easy
agriculture,5,2.34e-05,11,0.2583333333333333,Medium
ahab,2,4.9e-07,4,0.4389880952380952,Hard
ahi,2,2.51e-07,3,0.4558823529411765,Hard
ain,1,2.88e-06,3,0.5909090909090909,Hard
albania,3,2.24e-06,7,0.4,Hard
allegation,4,3.16e-06,10,0.4583333333333333,Hard
alliance,3,2.51e-05,8,0.2857142857142857,Medium
almighty,3,5.25e-06,8,0.22933201058201055,Easy
alterations,4,3.47e-06,11,0.5,Hard
amending,3,1e-06,8,0.4166666666666666,Hard
amendment,3,2.4e-05,9,0.31062500000000004,Medium
amendments,3,6.17e-06,10,0.275,Medium
amsterdam,3,1.07e-05,9,0.3083333333333333,Medium
analysis,4,8.13e-05,8,0.25735294117647056,Medium
animal,3,6.46e-05,6,0.1964285714285714,Easy
animals,3,6.92e-05,7,0.1944444444444444,Easy
anna,2,2.34e-05,4,0.3333333333333333,Medium
annas,2,1.55e-07,5,0.35797213622291024,Hard
anne,2,2.09e-05,4,0.375,Hard
antes,2,1.41e-07,5,0.5166666666666667,Hard
applause,3,6.76e-06,8,0.2941176470588235,Medium
appointments,3,8.91e-06,12,0.3472222222222222,Medium
approval,3,3.16e-05,8,0.2696969696969697,Medium
april,2,0.000155,5,0.1346153846153846,Easy
aquila,3,6.03e-07,6,0.6240079365079365,Hard
ara,2,1.62e-06,3,0.5333333333333333,Hard
arabians,3,1.55e-07,8,0.3026315789473685,Medium
argentina,4,1.66e-05,9,0.2777777777777778,Medium
arias,2,1.26e-06,5,0.42692307692307685,Hard
armies,2,7.94e-06,6,0.31785714285714284,Medium
armstrong,2,7.94e-06,9,0.234375,Easy
artemis,3,1.12e-06,7,0.6666666666666666,Hard
arthur,2,2.57e-05,6,0.4444444444444444,Hard
article,3,0.000123,7,0.2754934210526316,Medium
ashkenazi,4,3.31e-07,9,0.6111111111111112,Hard
asia,2,4.47e-05,4,0.16151960784313724,Easy
associations,4,1.05e-05,12,0.2361111111111111,Easy
assyrian,3,9.12e-07,8,0.5333333333333333,Hard
athenians,3,5.25e-07,9,0.4499999999999999,Hard
auditors,3,1.78e-06,8,0.3518382352941177,Hard
authorisation,5,1.07e-06,13,0.3823529411764705,Hard
autonomous,4,7.08e-06,10,0.3970588235294118,Hard
axel,2,1.91e-06,4,0.3666666666666667,Hard
ayatollah,4,8.32e-07,9,0.5555555555555556,Hard
azores,3,4.68e-07,6,0.49183006535947715,Hard
b,1,0.000224,1,0.4174603174603175,Hard
bg,1,2.09e-06,2,0.47348856209150325,Hard
baal,1,7.59e-07,4,0.4919193210881191,Hard
babylon,3,3.47e-06,7,0.3194444444444444,Medium
balkan,2,1.55e-06,6,0.3928571428571429,Hard
balkans,2,1.78e-06,7,0.33333333333333326,Medium
baltic,2,3.72e-06,6,0.40238095238095234,Hard
bank,1,0.000145,4,0.2,Easy
barabbas,3,1.32e-07,8,0.4285714285714286,Hard
barcelona,4,1.7e-05,9,0.375,Hard
behold,2,5.75e-06,6,0.2266865079365079,Easy
belgians,2,7.41e-07,8,0.3472222222222222,Medium
benjamin,3,1.45e-05,8,0.25848039215686275,Medium
berger,2,2.24e-06,6,0.4431818181818182,Hard
beth,1,7.41e-06,4,0.3192007797270955,Medium
bethel,2,1.29e-06,6,0.5260457516339869,Hard
blanco,2,1.15e-06,6,0.49342105263157887,Hard
booth,1,1.26e-05,5,0.402157738095238,Hard
border,2,5.01e-05,6,0.25,Medium
bowles,2,1.1e-06,6,0.4901027077497666,Hard
brie,1,1.2e-06,4,0.4722222222222222,Hard
brown,1,0.000102,5,0.203125,Easy
brussels,2,9.77e-06,8,0.3026315789473685,Medium
budgetary,4,1.45e-06,9,0.4048231792717087,Hard
budgeting,3,1.78e-06,9,0.2794117647058823,Medium
budgets,2,5.5e-06,7,0.26710317460317456,Medium
bulgaria,3,7.94e-06,8,0.27614087301587303,Medium
bulgarians,3,8.71e-07,10,0.1964285714285714,Easy
burdens,2,2e-06,7,0.4558823529411765,Hard
bureau,3,2.57e-05,6,0.3095238095238095,Medium
cag,1,3.24e-07,3,0.6323529411764706,Hard
cast,1,6.17e-05,4,0.6176470588235294,Hard
cf,1,7.08e-06,2,0.6438970588235294,Hard
ch,1,8.91e-06,2,0.5340909090909091,Hard
cia,1,1.62e-05,3,0.5124347326649958,Hard
cites,2,4.07e-06,5,0.46139705882352944,Hard
ck,1,2.19e-06,2,0.5125,Hard
co,1,0.000162,2,0.513157894736842,Hard
com,1,1.66e-05,3,0.5294117647058824,Hard
cos,1,1.12e-05,3,0.75,Hard
crs,1,7.94e-07,3,0.4166666666666666,Hard
cs,1,7.94e-06,2,0.6024305555555555,Hard
caesar,2,6.31e-06,6,0.2794117647058823,Medium
caldera,3,4.37e-07,7,0.4852941176470589,Hard
cameroon,3,3.39e-06,8,0.28273809523809523,Medium
campos,2,8.71e-07,6,0.4504385964912281,Hard
canaan,2,1.1e-06,6,0.3194444444444444,Medium
canaanites,4,1.7e-07,10,0.4769054990417219,Hard
capital,3,0.000102,7,0.40625,Hard
caracas,3,1.95e-06,7,0.4666666666666667,Hard
care,2,0.000363,4,0.1363095238095238,Easy
carmel,2,1.66e-06,6,0.5,Hard
carmelite,4,1.78e-07,9,0.5125,Hard
carrier,2,1.95e-05,7,0.3035714285714286,Medium
caspian,2,1.07e-06,7,0.3666666666666667,Hard
catherine,4,1.29e-05,9,0.3382352941176471,Medium
caucasus,3,2.24e-06,8,0.5156775210084034,Hard
cells,1,5.62e-05,5,0.31444099378881984,Medium
centre,2,8.91e-05,6,0.320855614973262,Medium
certification,5,9.33e-06,13,0.3166666666666666,Medium
cesare,3,8.32e-07,6,0.4553921568627451,Hard
chair,1,4.9e-05,5,0.2368421052631579,Easy
chairman,2,6.31e-05,8,0.25,Medium
chairmen,2,1.38e-06,8,0.3,Medium
chamber,2,2.95e-05,7,0.3409950657894737,Medium
change,2,0.000347,6,0.2361111111111111,Easy
changes,2,0.000132,7,0.2205882352941176,Easy
characterization,6,3.39e-06,16,0.2666666666666667,Medium
chief,1,0.000129,5,0.28125,Medium
children,2,0.000295,8,0.1973684210526315,Easy
china,2,0.000126,5,0.2,Easy
christ,1,6.17e-05,6,0.21051796157059313,Easy
christian,2,7.59e-05,9,0.1973684210526315,Easy
christmas,2,8.13e-05,9,0.23508771929824562,Easy
chromosome,4,3.02e-06,10,0.2800012183235867,Medium
citizens,3,5.25e-05,8,0.2046296296296296,Easy
civilisations,5,4.68e-07,13,0.3166666666666666,Medium
climate,3,5.13e-05,7,0.3,Medium
cloning,2,1.7e-06,7,0.30277777777777776,Medium
closure,3,1.29e-05,7,0.25,Medium
coasts,1,2.34e-06,6,0.173076923076923,Easy
code,2,0.00012,4,0.1764705882352941,Easy
coherence,4,1.23e-06,9,0.4411764705882353,Hard
cohesion,3,1.91e-06,8,0.48529411764705876,Hard
cold,1,0.000105,4,0.25,Medium
colleagues,3,1.95e-05,10,0.1785714285714285,Easy
comments,2,7.41e-05,8,0.1428571428571428,Easy
commission,3,8.13e-05,10,0.3010815181335692,Medium
commissioner,4,2.69e-05,12,0.30044642857142856,Medium
commissioners,4,5.89e-06,13,0.35193452380952384,Hard
committee,3,0.000102,9,0.23458741830065355,Easy
communication,5,4.79e-05,13,0.2083333333333333,Easy
communist,3,2.09e-05,9,0.3666666666666667,Hard
community,4,0.000219,9,0.24653886554621848,Medium
compatibility,6,3.89e-06,13,0.1911764705882352,Easy
composition,4,2.14e-05,11,0.2894736842105263,Medium
conciliation,4,5.5e-07,12,0.5264939309056956,Hard
conduct,2,3.31e-05,7,0.3269230769230768,Medium
conference,4,0.000102,10,0.34898190045248867,Hard
congo,2,5.62e-06,5,0.3416666666666666,Medium
conscience,3,9.12e-06,10,0.21875,Easy
conservatives,5,1.38e-05,13,0.2421875,Easy
constitution,4,3.63e-05,12,0.2205882352941176,Easy
constitutional,5,2.14e-05,14,0.24999999999999994,Medium
consumers,3,2.45e-05,9,0.2361111111111111,Easy
containers,3,7.24e-06,10,0.1911764705882352,Easy
control,2,0.000251,7,0.2222222222222222,Easy
controls,2,2.57e-05,8,0.2166666666666666,Easy
convention,3,3.16e-05,10,0.28377192982456134,Medium
coppin,2,1.7e-07,6,0.515625,Hard
corinth,2,9.33e-07,7,0.5,Hard
corrections,3,4.9e-06,11,0.1944444444444444,Easy
correlation,4,7.24e-06,11,0.359375,Hard
council,2,0.00012,7,0.2914705882352941,Medium
counter,2,3.63e-05,7,0.3571428571428571,Hard
court,1,0.000257,5,0.19177631578947363,Easy
crawley,2,1.38e-06,7,0.3260869565217391,Medium
cre,1,5.37e-07,3,0.6720343137254903,Hard
criminal,3,5.62e-05,8,0.2368421052631579,Easy
crisis,2,4.17e-05,6,0.15625,Easy
croatian,2,2.09e-06,8,0.375,Hard
crucify,3,4.9e-07,7,0.3260869565217391,Medium
curry,2,9.12e-06,5,0.3529411764705882,Hard
cush,1,1.95e-07,4,0.4607843137254902,Hard
cut,1,0.000174,3,0.2236842105263157,Easy
cyprus,2,5.13e-06,6,0.3676470588235294,Hard
czech,1,8.91e-06,5,0.3552631578947368,Hard
de,1,0.00017,2,0.6375,Hard
dec,1,1.95e-05,3,0.5357142857142857,Hard
dg,1,1.58e-06,2,0.6491228070175439,Hard
dk,1,2.19e-06,2,0.532608695652174,Hard
dt,1,3.63e-06,2,0.5125,Hard
dagon,2,2.88e-07,5,0.48651960784313725,Hard
dan,1,3.24e-05,3,0.2894736842105263,Medium
daniel,2,4.17e-05,6,0.260703228659885,Medium
david,2,0.000135,5,0.2749131944444444,Medium
davies,2,8.51e-06,6,0.2935267857142857,Medium
day,1,0.000891,3,0.1970486111111111,Easy
debate,3,4.37e-05,6,0.1911764705882352,Easy
debates,3,9.55e-06,7,0.20559210526315785,Easy
december,3,0.000117,8,0.27307692307692305,Medium
decision,3,0.000123,8,0.2368421052631579,Easy
decisions,3,5.25e-05,9,0.3125,Medium
declaration,4,1.26e-05,11,0.3125,Medium
defects,2,5.89e-06,7,0.2,Easy
defence,3,3.24e-05,7,0.1964285714285714,Easy
deletion,3,1.7e-06,8,0.4705882352941176,Hard
deliverer,4,2.4e-07,9,0.3166666666666666,Medium
democrat,3,1.74e-05,8,0.2333333333333333,Easy
denominations,5,1.95e-06,13,0.53125,Hard
design,2,0.000148,6,0.0833333333333333,Easy
desolation,4,1.07e-06,10,0.4642857142857143,Hard
deutsche,2,4.57e-06,8,0.5,Hard
development,4,0.000204,11,0.24938725490196073,Medium
differences,4,3.31e-05,11,0.125,Easy
directive,4,5.13e-06,9,0.3304227941176471,Medium
directives,4,1.62e-06,10,0.33658410732714134,Medium
disease,3,7.94e-05,7,0.125,Easy
dispersion,3,1.51e-06,10,0.48529411764705876,Hard
disruption,3,5.13e-06,10,0.2647058823529411,Medium
documents,3,4.37e-05,9,0.2,Easy
does,1,0.00055,4,0.1666666666666666,Easy
dominica,4,8.51e-07,8,0.46875,Hard
dor,1,6.03e-07,3,0.4558823529411765,Hard
dorcas,2,2.63e-07,6,0.4375,Hard
doris,2,3.8e-06,5,0.3928571428571429,Hard
doubtless,2,1.23e-06,9,0.2857142857142857,Medium
dr,1,0.000174,2,0.2678571428571429,Medium
draft,1,4.07e-05,5,0.296875,Medium
drosophila,4,7.59e-07,10,0.7239554154995331,Hard
dublin,2,1.2e-05,6,0.3125,Medium
ec,1,5.01e-06,2,0.5149070593149541,Hard
econ,2,1.29e-06,4,0.5,Hard
ed,1,6.17e-05,2,0.625,Hard
ef,1,1.91e-06,2,0.6333333333333333,Hard
el,1,3.63e-05,2,0.6447368421052632,Hard
em,1,3.72e-05,2,0.538888888888889,Hard
emu,2,1.12e-06,3,0.6052631578947368,Hard
ep,1,1.62e-05,2,0.6111111111111112,Hard
er,1,1.74e-05,2,0.5265151515151515,Hard
es,1,8.51e-06,2,0.5923859126984127,Hard
et,1,4.57e-05,2,0.4499999999999999,Hard
eu,1,4.17e-05,2,0.3654201680672269,Hard
economic,4,0.000126,8,0.2156593406593406,Easy
education,4,0.000191,9,0.234375,Easy
efficiency,4,2.4e-05,10,0.2647058823529411,Medium
egypt,2,2.82e-05,5,0.2537581699346405,Medium
egyptians,3,3.09e-06,9,0.1699095022624434,Easy
election,3,0.00012,8,0.1833333333333333,Easy
eli,2,5.5e-06,3,0.3317460317460317,Medium
elijah,3,3.47e-06,6,0.2587202380952381,Medium
elisha,3,7.41e-07,6,0.38016290726817037,Hard
elizabeth,4,2.95e-05,9,0.31361607142857145,Medium
emir,2,1.12e-06,4,0.675,Hard
employment,3,3.63e-05,10,0.23834064327485377,Easy
empowerment,4,3.47e-06,11,0.28125,Medium
energy,3,0.00017,6,0.125,Easy
enforcement,4,2.82e-05,11,0.2368421052631579,Easy
english,2,0.000155,7,0.2166666666666666,Easy
enlargement,4,1.58e-06,11,0.296875,Medium
enoch,2,1.23e-06,5,0.48416364734299516,Hard
entrepreneurs,4,7.94e-06,13,0.275,Medium
environment,4,7.41e-05,11,0.2847222222222222,Medium
envoys,2,8.71e-07,6,0.381578947368421,Hard
ephesians,3,8.71e-07,9,0.6111111111111112,Hard
ephraim,2,1.05e-06,7,0.4986006683375104,Hard
equal,2,4.47e-05,5,0.2,Easy
erasmus,3,1.32e-06,7,0.578125,Hard
establishment,4,2.63e-05,13,0.2864583333333333,Medium
esther,2,4.17e-06,6,0.38404882154882153,Hard
estonia,3,3.02e-06,7,0.4056535947712418,Hard
ethiopia,3,5.37e-06,8,0.375,Hard
ethiopians,3,5.13e-07,10,0.30422794117647056,Medium
euphrates,3,7.76e-07,9,0.671875,Hard
europe,3,0.00011,6,0.23318713450292394,Easy
european,3,0.00012,8,0.18034547152194205,Easy
europeans,3,7.41e-06,9,0.2857142857142857,Medium
evaluation,4,1.62e-05,10,0.375,Hard
eve,2,2.09e-05,3,0.1111111111111111,Easy
events,2,0.00012,6,0.375,Hard
evidence,4,0.000138,8,0.2624999999999999,Medium
excellencies,4,9.33e-08,12,0.4285714285714286,Hard
exchange,3,7.08e-05,8,0.3269230769230768,Medium
exchanges,3,8.91e-06,9,0.2205882352941176,Easy
explanations,4,5.75e-06,12,0.1785714285714285,Easy
expo,2,4.37e-06,4,0.4,Hard
exports,2,1.23e-05,7,0.28485576923076916,Medium
expression,3,3.55e-05,10,0.3228070175438596,Medium
external,3,3.31e-05,8,0.3235294117647058,Medium
ezra,2,3.24e-06,4,0.49150815217391297,Hard
fas,1,1.1e-06,3,0.6086956521739131,Hard
fr,1,1.23e-05,2,0.4411764705882353,Hard
faithful,2,1.26e-05,8,0.25,Medium
falconer,3,6.46e-07,8,0.4499999999999999,Hard
family,3,0.000457,6,0.2166666666666666,Easy
father,2,0.000182,6,0.11851851851851851,Easy
fearfulness,3,4.47e-08,11,0.25,Medium
february,3,0.000107,8,0.2142857142857143,Easy
federation,4,1.82e-05,10,0.40625,Hard
fiber,2,1.15e-05,5,0.3333333333333333,Medium
figure,3,0.000117,6,0.1686111111111111,Easy
figures,3,5.37e-05,7,0.16959064327485374,Easy
finance,3,4.47e-05,7,0.23455882352941174,Easy
finland,2,8.91e-06,7,0.2883928571428571,Medium
finns,1,7.59e-07,5,0.4264705882352941,Hard
first,1,0.00129,5,0.1789215686274509,Easy
fisheries,3,4.9e-06,9,0.31180438842203545,Medium
folly,2,2.19e-06,5,0.5714285714285714,Hard
food,1,0.000251,4,0.1909722222222222,Easy
forum,2,2.4e-05,5,0.3235294117647058,Medium
forwarding,3,1.62e-06,10,0.375,Hard
framework,3,1.95e-05,9,0.33606811145510834,Medium
frank,1,5.62e-05,5,0.381578947368421,Hard
frankfurt,2,4.17e-06,9,0.375,Hard
friend,1,0.000234,6,0.203125,Easy
fund,1,6.61e-05,4,0.15625,Easy
funds,1,5.5e-05,5,0.1666666666666666,Easy
gm,1,1.45e-05,2,0.4264705882352941,Hard
gue,1,1.51e-07,3,0.5401041666666666,Hard
gabriel,2,8.32e-06,7,0.4117647058823529,Hard
gad,1,8.32e-07,3,0.5613291313949209,Hard
gaius,2,9.77e-07,5,0.5005252100840336,Hard
galilee,3,1.32e-06,7,0.4285714285714286,Hard
gender,2,3.89e-05,6,0.25,Medium
gene,2,2.29e-05,4,0.27205882352941174,Medium
general,3,0.000295,7,0.2619047619047618,Medium
geneva,3,1e-05,6,0.4027777777777778,Hard
gentiles,3,1.02e-06,8,0.4595655806182122,Hard
georgia,2,2.88e-05,7,0.26307189542483655,Medium
germany,3,7.94e-05,7,0.27001633986928103,Medium
ghana,2,7.94e-06,5,0.3676470588235294,Hard
giuseppe,3,1.38e-06,8,0.6153846153846154,Hard
gladness,2,3.02e-07,8,0.27218614718614714,Medium
glasgow,2,1.55e-05,7,0.4375,Hard
globalisation,5,8.91e-07,13,0.4535341417268661,Hard
god,1,0.000372,3,0.218547471620227,Easy
goethe,2,1.41e-06,6,0.5,Hard
gog,1,4.17e-07,3,0.5944444444444444,Hard
goiter,2,1.15e-07,6,0.6785714285714286,Hard
golgotha,3,1.62e-07,8,0.5014705882352941,Hard
goliath,2,1.41e-06,7,0.3235294117647058,Medium
gomorrah,3,3.16e-07,8,0.4210526315789473,Hard
goshen,2,4.37e-07,6,0.5773809523809523,Hard
governance,4,1.23e-05,10,0.37367724867724866,Hard
government,3,0.000372,10,0.15194235588972427,Easy
greece,2,1.91e-05,6,0.171875,Easy
green,1,0.000135,5,0.20931372549019606,Easy
gremlin,2,4.27e-07,7,0.5340909090909091,Hard
groundwater,3,2.75e-06,11,0.3833333333333333,Hard
group,1,0.000372,5,0.1965774321424476,Easy
guinea,2,1.15e-05,6,0.4558823529411765,Hard
heat,1,7.24e-05,4,0.34375,Medium
hg,1,1.7e-06,2,0.6458333333333334,Hard
hl,1,1.45e-06,2,0.7307692307692307,Hard
hy,1,1.07e-06,2,0.421875,Hard
hagar,2,3.89e-07,5,0.49947916666666664,Hard
hague,2,4.47e-06,5,0.55,Hard
haiti,2,5.25e-06,5,0.3177083333333333,Medium
haman,2,2.19e-07,5,0.443484907120743,Hard
health,1,0.000275,6,0.20206971677559912,Easy
hebrew,2,8.13e-06,6,0.2884615384615384,Medium
hebrews,2,1.51e-06,7,0.32407407407407407,Medium
hedgehog,3,1.78e-06,8,0.34375,Medium
helsinki,3,2.29e-06,8,0.2631578947368421,Medium
heman,2,7.94e-08,5,0.4519230769230769,Hard
herman,2,4.47e-06,6,0.4285714285714286,Hard
hezekiah,3,3.98e-07,8,0.4817590497737557,Hard
hittite,3,3.09e-07,7,0.6058333333333333,Hard
hogan,2,4.27e-06,5,0.46875,Hard
holding,2,7.76e-05,7,0.3088235294117647,Medium
holy,2,7.59e-05,4,0.2222222222222222,Easy
home,2,0.000646,4,0.2048611111111111,Easy
honduras,3,3.98e-06,8,0.2916666666666666,Medium
hor,1,4.27e-07,3,0.5091911764705883,Hard
horn,1,1.38e-05,4,0.34027777777777773,Medium
hosanna,3,2.19e-07,7,0.5147058823529411,Hard
hosea,2,3.72e-07,5,0.475,Hard
house,2,0.000513,5,0.19476190476190475,Easy
hunchback,2,4.9e-07,9,0.484375,Hard
hungary,3,8.13e-06,7,0.38893188854489164,Hard
husbands,2,5.89e-06,8,0.265625,Medium
hyperactivity,6,7.24e-07,13,0.425,Hard
ii,1,0.000105,2,0.3888888888888888,Hard
iii,2,4.27e-05,3,0.4833333333333333,Hard
ia,1,5.01e-06,2,0.5714285714285714,Hard
iceland,3,6.17e-06,7,0.2412037037037037,Easy
identification,6,1.51e-05,14,0.25,Medium
immunities,4,3.55e-07,10,0.3947368421052631,Hard
implementation,5,2.04e-05,14,0.3595803233574131,Hard
implementing,4,8.13e-06,12,0.3833333333333333,Hard
imports,2,7.59e-06,7,0.3333333333333333,Medium
inclusion,3,1.05e-05,9,0.375,Hard
independence,5,3.8e-05,12,0.2666666666666667,Medium
indonesia,4,1.78e-05,9,0.27488425925925924,Medium
industry,3,0.000155,8,0.2142857142857143,Easy
information,4,0.000269,11,0.18281249999999993,Easy
insolvency,4,1.51e-06,10,0.3970588235294118,Hard
institutions,4,3.8e-05,12,0.2166666666666666,Easy
internal,3,4.57e-05,8,0.24107142857142855,Easy
international,5,0.000229,13,0.2868507051943584,Medium
internet,3,0.000115,8,0.1911764705882352,Easy
interpretation,5,1.66e-05,14,0.2249999999999999,Easy
intranet,3,3.47e-07,8,0.4833333333333333,Hard
introduction,4,3.31e-05,12,0.1346153846153846,Easy
investigations,5,1.62e-05,14,0.2638888888888888,Medium
ir,1,4.79e-06,2,0.5555555555555556,Hard
iran,2,4.17e-05,4,0.26187499999999997,Medium
iraq,2,2.69e-05,4,0.2409722222222222,Easy
ireland,3,4.57e-05,7,0.25148809523809523,Medium
isaac,2,8.51e-06,5,0.2724952086097597,Medium
isaiah,3,3.98e-06,6,0.3158564814814815,Medium
ishmael,2,6.92e-07,7,0.3585348174357462,Hard
islam,2,2.63e-05,5,0.2321428571428571,Easy
israel,2,5.89e-05,6,0.3029411764705882,Medium
italy,3,4.57e-05,5,0.1833333333333333,Easy
jackson,2,3.8e-05,7,0.3166666666666666,Medium
jacob,2,1.7e-05,5,0.2609821121431028,Medium
james,2,0.000129,5,0.2142857142857143,Easy
january,3,0.000123,7,0.0555555555555555,Easy
jean,1,2.29e-05,4,0.4875,Hard
jehoshaphat,4,8.71e-08,11,0.5080654761904763,Hard
jeremiah,3,3.02e-06,8,0.29117647058823526,Medium
jericho,3,2.14e-06,7,0.37934173669467786,Hard
jerusalem,4,1.58e-05,9,0.2415718105423988,Easy
jesse,2,1.1e-05,5,0.24009287925696593,Easy
jesus,2,9.77e-05,5,0.2386554621848739,Easy
jews,1,2.95e-05,4,0.20784970238095238,Easy
jezebel,3,6.03e-07,7,0.3625,Hard
johannesburg,4,4.68e-06,12,0.5,Hard
john,1,0.00024,4,0.2421875,Easy
joint,1,5.13e-05,5,0.3003289473684211,Medium
jonathan,3,2.04e-05,8,0.27213541666666663,Medium
jordan,2,3.24e-05,6,0.34109326625386993,Medium
joseph,2,3.31e-05,6,0.24432598039215683,Easy
joshua,2,8.32e-06,6,0.26589169000933705,Medium
jubilee,3,2.75e-06,7,0.375,Hard
judah,2,2.51e-06,5,0.37262715612560815,Hard
july,2,0.000148,4,0.0714285714285714,Easy
june,2,0.000162,4,0.18291316526610638,Easy
justice,3,9.33e-05,7,0.2622767857142857,Medium
k,1,8.13e-05,1,0.4599624060150376,Hard
kb,1,2.95e-06,2,0.671875,Hard
kif,1,1.38e-07,3,0.7333333333333333,Hard
ko,1,5.37e-06,2,0.5106872294372294,Hard
kos,1,1.1e-06,3,0.7374999999999999,Hard
kant,1,1.32e-06,4,0.3452380952380952,Medium
kiev,1,3.02e-06,4,0.4027777777777778,Hard
kim,1,3.89e-05,3,0.4130434782608695,Hard
king,1,0.000148,4,0.15416666666666665,Easy
kingdom,2,4.17e-05,7,0.24066844919786093,Easy
kivu,2,2e-07,4,0.5261904761904762,Hard
knockout,2,4.07e-06,8,0.2777777777777778,Medium
korea,2,4.47e-05,5,0.265625,Medium
lag,1,4.68e-06,3,0.6052631578947368,Hard
ld,1,2.34e-06,2,0.6821428571428572,Hard
ln,1,5.37e-06,2,0.59375,Hard
lod,1,4.47e-07,3,0.6176470588235294,Hard
labelling,3,1.41e-06,9,0.32291666666666663,Medium
ladies,2,4.37e-05,6,0.2,Easy
lamb,1,1.05e-05,4,0.2916666666666667,Medium
lament,2,1.78e-06,6,0.3088235294117647,Medium
lander,2,1.41e-06,6,0.5166666666666667,Hard
latin,2,3.02e-05,5,0.28869047619047616,Medium
latvia,2,2.75e-06,6,0.3521472953216374,Hard
le,1,3.16e-05,2,0.4375,Hard
league,2,0.000135,6,0.2867647058823529,Medium
lebanon,3,1.02e-05,7,0.3023099415204678,Medium
legal,2,0.00012,5,0.075,Easy
leonardo,3,4.79e-06,8,0.59375,Hard
leone,2,4.37e-06,5,0.4464285714285714,Hard
levels,2,9.33e-05,6,0.3020833333333333,Medium
levi,2,3.47e-06,4,0.38256448412698413,Hard
liberal,3,4.57e-05,7,0.2222222222222222,Easy
liberals,3,1.35e-05,8,0.26859649122807017,Medium
liberties,3,4.9e-06,9,0.2794117647058823,Medium
liechtenstein,3,5.89e-07,13,0.4639747346306944,Hard
lin,1,6.31e-06,3,0.6071428571428571,Hard
linkages,3,7.08e-07,8,0.4473684210526315,Hard
lion,1,1.78e-05,4,0.1710526315789473,Easy
lisbon,2,4.37e-06,6,0.33685661764705876,Medium
lithuania,3,3.16e-06,9,0.32732026143790843,Medium
lithuanian,3,1.58e-06,10,0.4642857142857143,Hard
lord,1,0.000126,4,0.23751770731175764,Easy
lud,1,1.7e-07,3,0.53125,Hard
lulling,2,1.15e-07,7,0.4166666666666666,Hard
luxembourg,3,3.72e-06,10,0.41170634920634924,Hard
ma,1,4.27e-05,2,0.5582589285714286,Hard
md,1,1.58e-05,2,0.609375,Hard
mem,1,8.13e-07,3,0.6515625,Hard
ml,1,6.92e-06,2,0.6388888888888888,Hard
mn,1,5.37e-06,2,0.8055555555555556,Hard
mr,1,0.00049,2,0.6029411764705882,Hard
mss,1,5.13e-07,3,0.4558823529411765,Hard
macedonia,4,2.34e-06,9,0.405812478500172,Hard
madagascar,4,2.45e-06,10,0.421875,Hard
madam,2,3.89e-06,5,0.2184301900584795,Easy
madame,3,6.31e-06,6,0.3088235294117647,Medium
madeira,3,9.12e-07,7,0.453125,Hard
maim,1,4.37e-07,4,0.4444444444444444,Hard
malaysia,3,1.91e-05,8,0.19423076923076915,Easy
malta,2,3.47e-06,5,0.3652416367004468,Hard
map,1,5.75e-05,3,0.234375,Easy
march,1,0.000182,5,0.24537037037037032,Medium
maria,2,2.19e-05,5,0.3289473684210526,Medium
maritime,4,9.12e-06,8,0.4554154995331466,Hard
market,2,0.000195,6,0.22192982456140345,Easy
marseilles,3,7.76e-07,10,0.3970588235294118,Hard
martens,2,6.17e-07,7,0.42020089285714285,Hard
martin,2,5.5e-05,6,0.3166666666666666,Medium
matthew,2,2.34e-05,7,0.2352941176470588,Easy
mauritania,4,7.41e-07,10,0.4695596988795518,Hard
may,1,0.000955,3,0.2352941176470588,Easy
mb,1,6.03e-06,2,0.484375,Hard
medals,2,9.55e-06,6,0.25,Medium
media,2,0.0002,5,0.2941176470588235,Medium
medina,3,2.09e-06,6,0.4015625,Hard
mediterranean,5,9.77e-06,13,0.3135504201680672,Medium
member,2,0.000151,6,0.2253472222222222,Easy
members,2,0.000224,7,0.19584116541353383,Easy
membership,3,2.95e-05,10,0.2666666666666667,Medium
memorandum,4,2.95e-06,10,0.34375,Medium
merino,3,7.41e-07,6,0.5166666666666667,Hard
mesopotamia,5,8.71e-07,11,0.45535714285714285,Hard
methuselah,4,1.62e-07,10,0.675,Hard
mica,2,9.77e-07,4,0.34099264705882354,Medium
micah,2,1.35e-06,5,0.40689826655299793,Hard
mice,2,1.23e-05,4,0.2820378151260504,Medium
micronesia,4,4.07e-07,10,0.5138888888888888,Hard
midlands,2,4.9e-06,8,0.3833333333333333,Hard
millennium,3,5.01e-06,10,0.4027777777777778,Hard
miller,2,3.16e-05,6,0.375,Hard
minister,3,0.00011,8,0.24740312791783378,Medium
ministerial,4,3.55e-06,11,0.43504901960784315,Hard
ministers,3,2.19e-05,9,0.3244775541795665,Medium
minutes,3,0.000204,7,0.2327380952380952,Easy
misery,3,7.76e-06,6,0.2894736842105263,Medium
moloch,2,2.63e-07,6,0.5416666666666666,Hard
monday,2,6.31e-05,6,0.1689814814814814,Easy
monetary,4,1.26e-05,8,0.2658730158730158,Medium
mordecai,3,5.89e-07,8,0.49645510835913315,Hard
morgan,2,2.63e-05,6,0.2624999999999999,Medium
morris,2,1.41e-05,6,0.4333333333333333,Hard
moscow,2,2.63e-05,6,0.3194444444444444,Medium
moses,2,9.55e-06,5,0.21903361344537814,Easy
motion,2,3.89e-05,6,0.0999999999999999,Easy
mount,1,2.95e-05,5,0.2756578947368421,Medium
mouse,2,2.04e-05,5,0.25,Medium
mrs,1,7.76e-05,3,0.23839697282421732,Easy
ms,1,4.68e-05,2,0.3,Medium
musician,3,1.02e-05,8,0.3214285714285714,Medium
mutations,3,4.47e-06,9,0.36197916666666663,Hard
n,1,0.000141,1,0.6764705882352942,Hard
nar,1,6.03e-07,3,0.8611111111111112,Hard
nco,1,4.37e-07,3,0.6052884615384615,Hard
nl,1,3.31e-06,2,0.5326388888888889,Hard
nation,2,7.59e-05,6,0.1764705882352941,Easy
nations,2,6.31e-05,7,0.2029100529100529,Easy
nazarene,4,3.8e-07,8,0.4754595588235294,Hard
nehemiah,3,4.37e-07,8,0.37162990196078427,Hard
neighbourhood,3,8.71e-06,13,0.25,Medium
nepalese,4,8.71e-07,8,0.3875,Hard
netherlands,3,1.91e-05,11,0.1949346405228758,Easy
new,1,0.00178,3,0.22916666666666663,Easy
news,1,0.000275,4,0.2490196078431372,Medium
nicaragua,4,2.75e-06,9,0.381578947368421,Hard
nigeria,3,2.14e-05,7,0.234375,Easy
nimrod,2,4.27e-07,6,0.4821428571428571,Hard
noah,1,8.51e-06,4,0.2794117647058823,Medium
nob,1,4.47e-07,3,0.56656346749226,Hard
northern,2,7.08e-05,8,0.2857142857142857,Medium
nuclei,2,1.55e-06,6,0.4444444444444444,Hard
nun,1,4.37e-06,3,0.375,Hard
oft,1,1.78e-06,3,0.675,Hard
objective,4,2.29e-05,9,0.33958333333333335,Medium
observation,4,1.35e-05,11,0.3611111111111111,Hard
october,3,0.000129,7,0.169683257918552,Easy
og,1,5.25e-06,2,0.5138888888888888,Hard
oil,1,0.000126,3,0.1875,Easy
ombudsman,3,1.38e-06,9,0.5616317652792111,Hard
omnibus,3,1.41e-06,7,0.5882352941176471,Hard
opening,3,8.71e-05,7,0.25,Medium
operational,5,1.62e-05,11,0.2857142857142857,Medium
ophir,2,2.19e-07,5,0.6291666666666667,Hard
orion,2,2.75e-06,5,0.3552631578947368,Hard
osteogenesis,5,1.1e-07,12,0.7749999999999999,Hard
others,2,0.000263,6,0.2941176470588235,Medium
outcome,3,2.24e-05,7,0.203125,Easy
p,1,0.000135,1,0.5354779411764705,Hard
pl,1,7.59e-06,2,0.5694444444444444,Hard
prop,1,5.89e-06,4,0.4499999999999999,Hard
pst,1,1.95e-06,3,0.6843586601307189,Hard
pt,1,1.1e-05,2,0.5,Hard
pacific,3,3.89e-05,7,0.3214285714285714,Medium
pakistanis,4,1.2e-06,10,0.3421052631578947,Medium
palestine,4,9.77e-06,9,0.3833333333333333,Hard
palestinians,4,5.62e-06,12,0.38683712121212116,Hard
papua,2,2.63e-06,5,0.4107142857142857,Hard
paradise,4,1.45e-05,8,0.1944444444444444,Easy
parkinson,3,1.62e-06,9,0.390625,Hard
parliament,3,5.5e-05,10,0.2873386234737984,Medium
parliamentary,5,1.51e-05,13,0.4305555555555556,Hard
partnership,3,3.02e-05,11,0.28563596491228066,Medium
party,2,0.000309,5,0.22883597883597884,Easy
passover,3,1.51e-06,8,0.3356209150326797,Medium
patel,2,3.09e-06,5,0.43224637681159417,Hard
paul,1,0.000107,4,0.2457594148770619,Medium
peng,1,1.62e-06,4,0.4864113408521303,Hard
pentecost,3,6.92e-07,9,0.625,Hard
people,2,0.00178,6,0.25,Medium
pereira,3,8.51e-07,7,0.5277777777777778,Hard
persia,2,2.29e-06,6,0.425,Hard
persians,2,1.17e-06,8,0.32638888888888884,Medium
persons,2,2.69e-05,7,0.25,Medium
peter,2,7.59e-05,5,0.23635477582846,Easy
petersen,3,1.41e-06,8,0.4666666666666667,Hard
petitions,3,2.69e-06,9,0.3270187186716792,Medium
pharaoh,2,2.09e-06,7,0.29826330532212886,Medium
pharisees,3,7.24e-07,9,0.6041666666666667,Hard
philip,2,1.91e-05,6,0.26974206349206353,Medium
philistines,4,5.13e-07,11,0.5000763574660633,Hard
phoenicia,3,1.78e-07,9,0.5,Hard
phrygia,2,1.05e-07,7,0.6313025210084033,Hard
pierce,2,8.51e-06,6,0.3666666666666667,Hard
pinon,2,7.59e-08,5,0.5,Hard
plaques,2,1.51e-06,7,0.3888888888888888,Hard
pointed,2,2.88e-05,7,0.3863636363636363,Hard
policy,3,0.000148,6,0.2058823529411764,Easy
portas,2,1.12e-07,6,0.3333333333333333,Medium
portugal,3,1.26e-05,8,0.35,Hard
portuguese,4,1.07e-05,10,0.4264705882352941,Hard
prayer,2,2.63e-05,6,0.25,Medium
preparation,4,2.09e-05,11,0.328125,Medium
presidency,4,1.45e-05,10,0.22632438940488475,Easy
president,3,0.000282,9,0.21041634835752482,Easy
presidente,4,2.95e-07,10,0.3676470588235294,Hard
presidents,3,1.2e-05,10,0.2577380952380952,Medium
prime,2,6.46e-05,5,0.3,Medium
prize,2,3.89e-05,5,0.21898148148148144,Easy
procedure,4,2.75e-05,9,0.1339285714285714,Easy
producers,3,2.19e-05,9,0.3289473684210526,Medium
professor,3,7.94e-05,9,0.3157894736842105,Medium
programme,3,3.72e-05,9,0.3026315789473685,Medium
programming,3,2.34e-05,11,0.328125,Medium
progressive,4,2.19e-05,11,0.2678571428571429,Medium
promotion,3,2.57e-05,9,0.2236842105263157,Easy
protection,3,7.08e-05,10,0.2638888888888888,Medium
protests,2,1.58e-05,8,0.2763157894736842,Medium
protocol,3,1.41e-05,8,0.425,Hard
psalm,1,3.63e-06,5,0.375,Hard
public,2,0.000372,6,0.16301332375055283,Easy
purim,2,2.82e-07,5,0.5917755991285403,Hard
qatar,2,6.03e-06,5,0.421875,Hard
question,2,0.000224,8,0.0499999999999999,Easy
qui,1,2.09e-06,3,0.5625,Hard
quinine,3,3.39e-07,7,0.675,Hard
quod,1,2.24e-07,4,0.6785714285714286,Hard
ra,1,7.94e-06,2,0.6257575757575758,Hard
race,2,0.00012,4,0.6111111111111112,Hard
rc,1,4.47e-06,2,0.596875,Hard
ring,1,6.46e-05,4,0.4027777777777778,Hard
rm,1,5.62e-06,2,0.6446428571428571,Hard
rt,1,1.1e-05,2,0.6764705882352942,Hard
rabat,2,3.98e-07,5,0.390625,Hard
radiological,5,7.59e-07,12,0.546875,Hard
rail,1,2.57e-05,4,0.2205882352941176,Easy
raising,2,2.69e-05,7,0.2,Easy
ransom,2,4.79e-06,6,0.375,Hard
rebekah,3,9.55e-07,7,0.32097689075630254,Medium
recital,3,1.91e-06,7,0.4464285714285714,Hard
recovery,4,3.8e-05,8,0.234375,Easy
redeemer,3,1.02e-06,8,0.5921052631578947,Hard
reedy,2,3.63e-07,5,0.4464285714285714,Hard
referendum,4,9.55e-06,10,0.2777777777777778,Medium
refs,1,4.79e-06,4,0.5978260869565217,Hard
region,2,0.0001,6,0.25,Medium
regional,3,5.25e-05,8,0.2205882352941176,Easy
regulation,4,2.4e-05,10,0.46875,Hard
regulations,4,3.16e-05,11,0.3625,Hard
regulators,4,3.89e-06,10,0.3846153846153846,Hard
regulatory,5,1.7e-05,10,0.3382352941176471,Medium
release,3,0.000123,7,0.203125,Easy
renewable,4,8.13e-06,9,0.3214285714285714,Medium
repeal,2,7.41e-06,6,0.4084967320261438,Hard
report,2,0.000209,6,0.3338636624240339,Medium
representative,6,3.72e-05,14,0.175,Easy
republic,3,3.98e-05,8,0.26366421568627446,Medium
request,2,5.75e-05,7,0.2,Easy
research,2,0.000245,8,0.21237789987789982,Easy
results,2,0.00017,7,0.1837719298245614,Easy
resumption,3,1.23e-06,10,0.4250919117647059,Hard
retrofitting,4,2.95e-07,12,0.368421052631579,Hard
reuben,2,1.74e-06,6,0.41366072196422426,Hard
revision,3,6.61e-06,8,0.3472222222222222,Medium
ries,1,2.95e-07,4,0.4166666666666666,Hard
righteous,3,6.31e-06,9,0.2368421052631579,Easy
rights,1,0.000155,6,0.2180351614329942,Easy
river,2,0.000107,5,0.203125,Easy
rod,1,1.38e-05,3,0.45625,Hard
roman,2,3.16e-05,5,0.2916666666666666,Medium
rome,2,2.82e-05,4,0.2058823529411764,Easy
romero,3,2.19e-06,6,0.3888888888888888,Hard
rosette,3,5.5e-07,7,0.4807692307692307,Hard
rule,2,8.71e-05,4,0.2039473684210526,Easy
rules,2,0.000115,5,0.1142857142857142,Easy
rural,2,3.89e-05,5,0.26521650326797386,Medium
russel,2,1.07e-06,6,0.4027777777777778,Hard
russia,2,8.51e-05,6,0.21052287581699342,Easy
ryder,2,3.16e-06,5,0.3076923076923077,Medium
saa,1,8.13e-07,3,0.4852941176470589,Hard
sac,1,4.68e-06,3,0.5434782608695652,Hard
sam,1,4.37e-05,3,0.5578208556149733,Hard
sds,1,1.05e-06,3,0.7027777777777777,Hard
sem,1,1.78e-06,3,0.5833333333333334,Hard
shh,1,1.02e-06,3,0.6829769736842105,Hard
si,1,1.48e-05,2,0.5625,Hard
sk,1,3.24e-06,2,0.4472222222222222,Hard
sm,1,5.13e-06,2,0.5,Hard
sp,1,1.07e-05,2,0.6607142857142857,Hard
syn,1,1.07e-06,3,0.546875,Hard
sabbath,2,3.16e-06,7,0.3512377450980392,Hard
sabbaths,2,9.12e-08,8,0.41142857142857137,Hard
safety,3,9.33e-05,6,0.24305555555555555,Easy
sailing,2,9.77e-06,7,0.2916666666666666,Medium
samaritans,4,5.13e-07,10,0.35,Hard
samson,2,2.45e-06,6,0.4411764705882353,Hard
samuel,2,1.55e-05,6,0.2307692307692307,Easy
sarah,2,3.02e-05,5,0.25558035714285715,Medium
satan,2,8.51e-06,5,0.25549229353577174,Medium
sates,2,1.26e-07,5,0.4411764705882353,Hard
saul,1,4.47e-06,4,0.3621732026143791,Hard
scoreboard,3,1.62e-06,10,0.2647058823529411,Medium
scotland,2,4.79e-05,8,0.1111111111111111,Easy
scripture,3,5.89e-06,9,0.3256578947368421,Medium
sea,1,0.000115,3,0.1428571428571428,Easy
secretariat,4,2.82e-06,11,0.4907120743034055,Hard
secretary,4,8.91e-05,9,0.2375,Easy
section,2,0.0001,7,0.3,Medium
security,4,0.000158,8,0.28208556149732616,Medium
selah,2,2.75e-07,5,0.5081699346405228,Hard
sender,2,1.62e-06,6,0.368421052631579,Hard
september,3,0.000141,9,0.3125,Medium
sequence,3,2.24e-05,8,0.34375,Medium
sequencing,3,2.4e-06,10,0.3928571428571429,Hard
ser,1,3.09e-06,3,0.5694444444444444,Hard
serbia,2,5.13e-06,6,0.2697794117647059,Medium
serra,2,8.13e-07,5,0.55,Hard
services,3,0.000204,8,0.25,Medium
seventh,2,1.78e-05,7,0.20870535714285715,Easy
shadrach,2,9.77e-08,8,0.5511297852474323,Hard
shanks,1,9.33e-07,6,0.65625,Hard
sharon,2,8.32e-06,6,0.41666666666666663,Hard
sheikh,1,3.98e-06,6,0.5,Hard
shem,1,5.5e-07,4,0.3673421717171717,Hard
sidi,2,3.63e-07,4,0.5714285714285714,Hard
signature,4,1.78e-05,9,0.2265625,Easy
silvers,2,6.03e-07,7,0.346875,Medium
simeon,2,1.07e-06,6,0.43176638176638177,Hard
simon,2,3.02e-05,5,0.3105392156862745,Medium
singh,1,1.1e-05,5,0.42951127819548873,Hard
sit,1,7.94e-05,3,0.234375,Easy
situation,3,0.000123,9,0.2115384615384615,Easy
slits,1,7.59e-07,5,0.5113636363636364,Hard
slums,1,1.58e-06,5,0.375,Hard
snail,1,4.68e-06,5,0.2833333333333333,Medium
social,2,0.000263,6,0.2857142857142857,Medium
socialist,3,1.66e-05,9,0.3166666666666666,Medium
socialists,3,3.89e-06,10,0.30136222910216715,Medium
sodom,2,7.24e-07,5,0.3823529411764705,Hard
solomon,3,6.46e-06,7,0.299313725490196,Medium
somalia,3,4.68e-06,7,0.27704613095238095,Medium
son,1,0.000191,3,0.0833333333333333,Easy
south,1,0.000251,5,0.2105263157894736,Easy
southern,2,6.92e-05,8,0.3214285714285714,Medium
spain,1,3.89e-05,5,0.23529411764705882,Easy
spanish,2,5.37e-05,7,0.2205882352941176,Easy
spector,2,6.92e-07,7,0.6388888888888888,Hard
sperm,1,6.92e-06,5,0.25,Medium
spirit,2,6.17e-05,6,0.25055555555555553,Medium
sri,1,1.32e-05,3,0.33088235294117646,Medium
stabilisation,5,4.9e-07,13,0.42705931495405175,Hard
statement,3,9.33e-05,9,0.1842105263157895,Easy
states,2,0.000331,6,0.2464802631578947,Medium
statute,3,6.76e-06,7,0.3423076923076923,Medium
steering,2,8.51e-06,8,0.234375,Easy
storm,1,4.57e-05,5,0.27604166666666663,Medium
strategy,3,5.5e-05,8,0.2496010860484544,Medium
stress,1,5.37e-05,6,0.2,Easy
stretch,1,2.24e-05,7,0.2321428571428571,Easy
studies,2,9.55e-05,7,0.1790021929824561,Easy
sturdy,2,2.75e-06,6,0.35,Hard
subject,2,9.12e-05,7,0.20874183006535946,Easy
success,2,0.000115,7,0.3382352941176471,Medium
sudan,2,7.94e-06,5,0.2894736842105263,Medium
sudanese,4,1.95e-06,8,0.3194444444444444,Medium
summit,2,2e-05,6,0.3125,Medium
supplementary,5,2.29e-06,13,0.3472222222222222,Medium
support,2,0.000339,7,0.2,Easy
suppression,3,4.79e-06,11,0.421875,Hard
supreme,3,4.9e-05,7,0.3194444444444444,Medium
sustainable,4,1.55e-05,11,0.2361111111111111,Easy
sweden,2,2.51e-05,6,0.2058823529411764,Easy
syndrome,3,1.7e-05,8,0.369047619047619,Hard
syria,2,2.51e-05,5,0.3181423611111111,Medium
syrians,2,1.38e-06,7,0.3318055555555556,Medium
tace,2,3.39e-08,4,0.7205882352941176,Hard
tec,1,1.02e-06,3,0.48214285714285715,Hard
tel,1,7.94e-06,3,0.625,Hard
th,1,1.58e-05,2,0.53125,Hard
tn,1,5.13e-06,2,0.6521990740740741,Hard
table,2,0.000112,5,0.2564674908424908,Medium
tabling,2,1.86e-07,7,0.2916666666666666,Medium
tabor,2,6.03e-07,5,0.5073529411764706,Hard
tanzania,3,3.72e-06,8,0.3194444444444444,Medium
tarsus,2,4.27e-07,6,0.5367647058823529,Hard
taxes,2,4.47e-05,5,0.1911764705882352,Easy
technical,3,5.62e-05,9,0.3249999999999999,Medium
tent,1,1.12e-05,4,0.31910256410256405,Medium
texts,1,2.19e-05,5,0.2666666666666667,Medium
tg,1,1.55e-06,2,0.525,Hard
thanks,1,0.000269,6,0.1470588235294117,Easy
thematic,3,2.14e-06,8,0.5238095238095238,Hard
third,1,0.000209,5,0.22058823529411759,Easy
thrombus,2,1.29e-07,8,0.725,Hard
thursday,2,4.17e-05,8,0.17326388888888888,Easy
tibetan,3,3.24e-06,7,0.371875,Hard
tibetans,3,6.46e-07,8,0.3849789915966386,Hard
timor,2,1.86e-06,5,0.44038742690058474,Hard
timothy,3,6.61e-06,7,0.359375,Hard
today,2,0.000355,5,0.1900046547879365,Easy
tomorrow,3,0.000105,8,0.2083333333333333,Easy
tou,1,7.59e-07,3,0.825,Hard
tourism,2,1.91e-05,7,0.2660204991087344,Medium
trade,2,0.000132,5,0.2178362573099415,Easy
transfers,2,1.05e-05,9,0.3666666666666667,Hard
transnational,4,1.51e-06,13,0.40625,Hard
transparency,4,7.94e-06,12,0.26822916666666663,Medium
transplantation,4,1.7e-06,15,0.3125,Medium
transport,2,4.79e-05,9,0.1640625,Easy
treaty,2,2.04e-05,6,0.3314285714285714,Medium
tribunal,3,7.59e-06,8,0.3888888888888888,Hard
tribute,3,1.78e-05,7,0.3152173913043478,Medium
tubal,2,3.63e-07,5,0.471875,Hard
turkey,2,3.63e-05,6,0.2690972222222222,Medium
type,2,0.000186,4,0.19910714285714284,Easy
tyre,2,3.24e-06,4,0.5,Hard
un,1,4.17e-05,2,0.296875,Medium
ussr,1,6.31e-06,4,0.381578947368421,Hard
uganda,3,6.03e-06,6,0.2788957688338493,Medium
ukraine,3,2.09e-05,7,0.30416666666666664,Medium
ukrainians,3,1.2e-06,10,0.3611111111111111,Hard
union,2,0.00012,5,0.2650326797385621,Medium
united,3,0.000295,6,0.21694711538461536,Easy
universal,4,3.09e-05,9,0.2894736842105263,Medium
uriel,2,3.89e-07,5,0.5772058823529411,Hard
use,2,0.000646,3,0.14285714285714285,Easy
vi,1,1.23e-05,2,0.4852941176470589,Hard
vis,1,2.69e-06,3,0.5441760037348273,Hard
va,1,1.82e-05,2,0.7777777777777777,Hard
valentine,4,5.89e-06,9,0.1911764705882352,Easy
validation,4,4.79e-06,10,0.25,Medium
van,1,6.03e-05,3,0.2631578947368421,Medium
vertebrates,4,9.12e-07,11,0.4615384615384615,Hard
victims,2,3.63e-05,7,0.1666666666666666,Easy
voiceless,3,5.75e-07,9,0.3375,Medium
voting,2,4.17e-05,6,0.2368421052631579,Easy
wt,1,2.29e-06,2,0.4758403361344538,Hard
waiver,2,3.39e-06,6,0.3088235294117647,Medium
war,1,0.000288,3,0.1470588235294117,Easy
weber,2,3.98e-06,5,0.3666666666666667,Hard
western,2,0.000102,7,0.22578463203463203,Easy
whenever,3,4.27e-05,8,0.1527777777777778,Easy
white,2,0.000324,5,0.23974358974358978,Easy
williams,2,4.68e-05,8,0.3409090909090909,Medium
woe,1,2.04e-06,3,0.3382352941176471,Medium
wolves,2,1.02e-05,6,0.25,Medium
woman,2,0.000224,5,0.25,Medium
women,2,0.000372,5,0.171875,Easy
world,1,0.000776,5,0.28125,Medium
worship,2,1.95e-05,7,0.175,Easy
x,1,0.000158,1,0.3451923076923077,Medium
xx,1,5.5e-06,2,0.5658333333333333,Hard
yt,1,1.62e-06,2,0.5263157894736842,Hard
yahweh,2,9.33e-07,6,0.41946078431372547,Hard
yemen,2,7.59e-06,5,0.311367814171123,Medium
yesterday,3,8.13e-05,9,0.2205882352941176,Easy
yugoslav,3,1.07e-06,8,0.4097117794486215,Hard
zip,1,7.41e-06,3,0.6428571428571429,Hard
zebedee,3,1.38e-07,7,0.4722222222222222,Hard
zechariah,3,3.47e-07,9,0.43441176470588233,Hard
zimbabwe,3,5.37e-06,8,0.35714285714285715,Hard
zion,1,2.88e-06,4,0.39757675438596485,Hard
abatement,4,5.37e-07,9,0.4861111111111111,Hard
abbreviation,4,1.38e-06,12,0.375,Hard
abbreviations,4,1.1e-06,13,0.3125,Medium
aberrations,4,4.27e-07,11,0.5227272727272727,Hard
abilities,4,1.62e-05,9,0.1875,Easy
ability,4,9.12e-05,7,0.20529149159663865,Easy
abnormalities,5,2.04e-06,13,0.2414880952380952,Easy
abomination,5,1.35e-06,11,0.2894736842105263,Medium
abominations,5,3.72e-07,12,0.41036033978808917,Hard
absence,3,2.19e-05,7,0.2423815359477124,Easy
abuses,3,4.9e-06,6,0.2958333333333333,Medium
acacia,3,1.02e-06,6,0.3770918878915202,Hard
access,2,0.000112,6,0.20925925925925923,Easy
accessibility,6,3.24e-06,13,0.24642857142857139,Medium
accidents,3,1.45e-05,9,0.22624434389140263,Easy
accordance,4,1.35e-05,10,0.36842105263157887,Hard
account,2,0.000162,7,0.22879901960784307,Easy
accountability,6,8.13e-06,14,0.32419590643274854,Medium
accumulation,5,3.89e-06,12,0.24781991744066045,Medium
accusers,3,7.24e-07,8,0.2736111111111111,Medium
acetate,4,1.41e-06,7,0.5948275862068966,Hard
acid,2,2.82e-05,4,0.2626488095238095,Medium
acids,2,7.08e-06,5,0.24296536796536797,Easy
acquaintances,5,2.51e-06,13,0.328125,Medium
acquisition,4,1.82e-05,11,0.375,Hard
action,2,0.000178,6,0.19437439083820662,Easy
activation,4,6.76e-06,10,0.25474537037037037,Medium
activator,4,6.03e-07,9,0.3695302736479207,Hard
activities,4,8.13e-05,10,0.28648190045248867,Medium
activity,4,7.24e-05,8,0.21047794117647056,Easy
acts,1,4.37e-05,4,0.20086834733893552,Easy
adders,2,1.2e-07,6,0.5131578947368421,Hard
addition,3,0.000102,8,0.21779448621553882,Easy
additives,4,1.78e-06,9,0.3327837195484254,Medium
adheres,3,7.24e-07,7,0.3472222222222222,Medium
adhesion,3,1.38e-06,8,0.3983333333333333,Hard
adipose,4,5.75e-07,7,0.5907142857142857,Hard
administration,5,8.51e-05,14,0.2797979797979798,Medium
admissibility,6,1.82e-07,13,0.4769345238095238,Hard
adoption,3,1.48e-05,8,0.2142857142857143,Easy
adorning,3,3.55e-07,8,0.3552631578947368,Hard
adult,2,6.31e-05,5,0.25,Medium
adulterers,4,1.91e-07,10,0.5,Hard
adultery,4,2.57e-06,8,0.2321428571428571,Easy
adulthood,3,3.98e-06,9,0.3055555555555556,Medium
advantage,4,6.03e-05,9,0.2415054179566563,Easy
adversaries,4,1.62e-06,11,0.32413194444444443,Medium
adversity,4,2.4e-06,9,0.34375,Medium
aerospace,4,5.37e-06,9,0.4333333333333333,Hard
affection,3,8.32e-06,9,0.3076923076923077,Medium
affinity,4,4.07e-06,8,0.4130434782608695,Hard
affront,2,7.76e-07,7,0.375,Hard
afield,2,1e-06,6,0.4722222222222222,Hard
afternoon,3,5.25e-05,9,0.1428571428571428,Easy
age,2,0.000209,3,0.1513533834586466,Easy
agencies,3,3.47e-05,8,0.265625,Medium
agent,2,6.46e-05,5,0.25,Medium
agents,2,3.55e-05,6,0.32916666666666666,Medium
aggregation,4,1.78e-06,11,0.46117647058823524,Hard
aid,1,5.62e-05,3,0.21428571428571425,Easy
aim,1,3.24e-05,3,0.1635416666666666,Easy
air,1,0.000234,3,0.1323529411764705,Easy
aircraft,2,4.37e-05,8,0.1607142857142857,Easy
albinos,3,1.23e-07,7,0.43869047619047613,Hard
albumin,3,3.8e-07,7,0.65,Hard
alertness,3,5.62e-07,9,0.2613636363636363,Medium
alkaline,4,1.78e-06,8,0.3055555555555556,Medium
allele,3,8.13e-07,6,0.575,Hard
alleles,3,6.61e-07,7,0.587156862745098,Hard
allocation,4,5.5e-06,10,0.34305555555555556,Medium
allowances,4,2.29e-06,10,0.2700892857142857,Medium
alpha,2,1.78e-05,5,0.3478260869565217,Hard
alteration,4,2.14e-06,10,0.4473684210526315,Hard
alternative,5,5.13e-05,11,0.1470588235294117,Easy
alveoli,3,1.62e-07,7,0.518640350877193,Hard
ambiguities,4,3.8e-07,11,0.46875,Hard
ambush,2,3.55e-06,6,0.1388888888888889,Easy
ambushes,3,3.47e-07,8,0.2,Easy
amino,3,5.25e-06,5,0.43085065605189443,Hard
amount,2,0.000135,6,0.21965113491048593,Easy
amounts,2,2.57e-05,7,0.13316993464052282,Easy
amphibians,3,8.71e-07,10,0.3928571428571429,Hard
amplification,5,1.32e-06,13,0.4172794117647059,Hard
analog,3,5.37e-06,6,0.4583333333333333,Hard
analogue,4,1.91e-06,8,0.421875,Hard
analyses,4,6.17e-06,8,0.3203835380305968,Medium
anemone,4,3.63e-07,7,0.484375,Hard
angel,2,2.82e-05,5,0.1915384615384615,Easy
angels,2,1.82e-05,6,0.20616418764302055,Easy
anger,2,2.63e-05,5,0.13767251131221714,Easy
anguish,2,2.34e-06,7,0.2916666666666666,Medium
ankle,2,9.33e-06,5,0.125,Easy
anniversary,5,3.39e-05,11,0.1484375,Easy
announcement,4,2.04e-05,12,0.1805555555555555,Easy
anomalies,4,1.91e-06,9,0.42285575048732943,Hard
answer,2,0.000148,6,0.17310855263157895,Easy
answers,2,3.98e-05,7,0.2249999999999999,Easy
ant,1,7.24e-06,3,0.175,Easy
antagonist,4,2.09e-06,10,0.390625,Hard
antagonists,4,1.17e-06,11,0.4980844645550528,Hard
antibiotics,4,5.5e-06,11,0.296875,Medium
antibodies,4,3.63e-06,10,0.3238224637681159,Medium
antibody,4,2.88e-06,8,0.3688865546218487,Hard
antigen,3,1.62e-06,7,0.5069785637367075,Hard
anyone,3,0.00024,6,0.25955988455988455,Medium
anything,3,0.000355,8,0.28125,Medium
apex,2,5.13e-06,4,0.4,Hard
apostles,3,2.95e-06,8,0.3671875,Hard
apparatus,4,6.03e-06,9,0.3676470588235294,Hard
appearance,4,4.9e-05,10,0.1875,Easy
application,4,7.24e-05,11,0.26984126984126977,Medium
applications,4,4.37e-05,12,0.4333333333333333,Hard
appointment,3,3.09e-05,11,0.3055555555555556,Medium
approach,2,8.51e-05,8,0.20132873662285422,Easy
approaches,3,1.78e-05,10,0.203125,Easy
appropriations,4,2.29e-06,14,0.359375,Hard
arbitration,4,5.25e-06,11,0.5,Hard
architecture,5,2.63e-05,12,0.3026315789473685,Medium
area,2,0.000288,4,0.20056965093729795,Easy
areas,2,0.000141,5,0.1724439775910364,Easy
argument,3,4.37e-05,8,0.1578947368421052,Easy
arm,1,5.37e-05,3,0.34375,Medium
armor,2,9.33e-06,5,0.23201388888888888,Easy
arms,1,6.61e-05,4,0.25921052631578945,Medium
army,2,0.000115,4,0.18684210526315786,Easy
aroma,3,1.7e-06,5,0.3235294117647058,Medium
arrangement,4,1.78e-05,11,0.24095394736842105,Easy
arrangements,4,1.7e-05,12,0.2967592592592592,Medium
arrest,2,3.55e-05,6,0.31319444444444444,Medium
arrow,2,1.35e-05,5,0.1931818181818181,Easy
arrows,2,6.31e-06,6,0.1041666666666666,Easy
artery,3,4.47e-06,6,0.3055555555555556,Medium
arthritis,3,4.07e-06,9,0.3638888888888889,Hard
artifact,3,2.57e-06,8,0.3068181818181817,Medium
asbestos,3,3.47e-06,8,0.5333333333333333,Hard
aspect,2,2.57e-05,6,0.2419254658385093,Easy
assassination,5,6.61e-06,13,0.2421875,Easy
assault,2,2.75e-05,7,0.1944444444444444,Easy
assay,2,1.91e-06,5,0.5627077497665732,Hard
assemblies,3,3.02e-06,10,0.35238095238095235,Hard
assembly,3,4.07e-05,8,0.31218045112781956,Medium
assent,2,1.07e-06,6,0.3515625,Hard
assets,2,3.63e-05,6,0.25,Medium
assistance,4,3.89e-05,10,0.25892857142857145,Medium
association,4,0.000102,11,0.1428571428571428,Easy
assumptions,3,8.91e-06,11,0.3125,Medium
assurances,4,2.09e-06,10,0.3,Medium
astonishment,4,7.24e-07,12,0.3353009259259259,Medium
asylum,3,9.77e-06,6,0.3965686274509804,Hard
atelectasis,5,4.47e-08,11,0.7333333333333333,Hard
atonement,4,1.23e-06,9,0.4009176587301587,Hard
attack,2,0.000123,6,0.2166666666666666,Easy
attainment,3,1.41e-06,10,0.4499999999999999,Hard
attempt,2,7.08e-05,7,0.252995642701525,Medium
attempts,2,3.16e-05,8,0.1569113756613756,Easy
attention,3,0.000129,9,0.2503759398496241,Medium
attitude,4,3.8e-05,8,0.2794117647058823,Medium
austerity,4,2.57e-06,9,0.640625,Hard
author,2,8.91e-05,6,0.258714596949891,Medium
authorities,4,4.27e-05,11,0.25065476190476194,Medium
authors,2,3.09e-05,7,0.2192028985507246,Easy
availability,6,1.35e-05,12,0.23253968253968252,Easy
avails,2,7.59e-08,6,0.55,Hard
avenger,3,1.23e-06,7,0.27083333333333337,Medium
aversion,3,1.78e-06,8,0.5,Hard
aviation,3,1.48e-05,8,0.30052083333333335,Medium
avoidance,4,3.47e-06,9,0.09375,Easy
awareness,4,2.75e-05,9,0.2249999999999999,Easy
axe,2,6.17e-06,3,0.19166666666666665,Easy
axes,2,2.57e-06,4,0.203125,Easy
axles,2,9.55e-07,5,0.3409090909090909,Medium
backdrop,2,3.8e-06,8,0.296875,Medium
background,2,5.89e-05,10,0.17226720647773275,Easy
backgrounds,2,6.17e-06,11,0.2753982843137254,Medium
backing,2,1.7e-05,7,0.2166666666666666,Easy
backsliding,3,1.7e-07,11,0.39372884570494865,Hard
bacteria,3,1.55e-05,8,0.28125,Medium
baldness,2,4.57e-07,8,0.2352941176470588,Easy
ball,1,0.00011,4,0.2058823529411764,Easy
ballooning,3,4.68e-07,10,0.3055555555555556,Medium
ban,1,3.55e-05,3,0.28125,Medium
banana,3,1e-05,6,0.2,Easy
band,1,8.32e-05,4,0.3055555555555556,Medium
banks,1,4.9e-05,5,0.1428571428571428,Easy
banners,2,3.98e-06,7,0.2083333333333333,Easy
banquet,2,3.89e-06,7,0.4305555555555556,Hard
bars,1,2.82e-05,4,0.1029411764705882,Easy
baseline,4,5.01e-06,8,0.3214285714285714,Medium
bases,2,1.51e-05,5,0.2763157894736842,Medium
basins,2,1.82e-06,6,0.2786764705882353,Medium
basis,2,6.46e-05,5,0.23114114235437763,Easy
basket,2,1.17e-05,6,0.12083333333333329,Easy
battle,2,8.71e-05,6,0.19377192982456135,Easy
bays,1,2.09e-06,4,0.2361111111111111,Easy
beach,1,8.32e-05,5,0.1785714285714285,Easy
beans,1,1.38e-05,5,0.1666666666666666,Easy
bear,1,5.13e-05,4,0.2307692307692307,Easy
beauty,3,5.62e-05,6,0.1511363636363636,Easy
bedroom,2,2.88e-05,7,0.15,Easy
beginning,3,0.0001,9,0.2269230769230769,Easy
behalf,2,2.63e-05,6,0.28756652661064425,Medium
behavior,3,4.9e-05,8,0.26235294117647057,Medium
behaviors,3,7.76e-06,9,0.15625,Easy
behavioural,5,2.09e-06,11,0.2142857142857143,Easy
being,1,0.000891,5,0.2142857142857143,Easy
bellows,2,1.17e-06,7,0.3472222222222222,Medium
beneficiary,5,2.34e-06,11,0.3,Medium
benefit,3,6.61e-05,7,0.2,Easy
benefits,3,6.92e-05,8,0.20490196078431372,Easy
bile,2,1.62e-06,4,0.4172077922077922,Hard
billows,2,2e-07,7,0.3382352941176471,Medium
binding,2,1.38e-05,7,0.3125,Medium
biodiversity,5,2.95e-06,12,0.37869029190623615,Hard
biology,3,1.66e-05,7,0.30422794117647056,Medium
birds,1,3.98e-05,5,0.18627450980392152,Easy
birth,1,5.89e-05,5,0.242829131652661,Easy
birthplace,3,2.34e-06,10,0.1578947368421052,Easy
blasphemers,3,7.24e-08,11,0.6,Hard
blast,1,2.09e-05,5,0.24342105263157895,Easy
bleeding,2,1.2e-05,8,0.1892361111111111,Easy
blessing,2,1.15e-05,8,0.11371527777777775,Easy
block,1,7.59e-05,5,0.125,Easy
blocs,1,4.79e-07,5,0.375,Hard
bloggers,2,5.75e-06,8,0.3,Medium
blogs,1,8.91e-06,5,0.3026315789473685,Medium
blood,1,0.000126,5,0.1922008547008547,Easy
blots,1,2e-07,5,0.5147058823529411,Hard
blotting,2,3.47e-07,8,0.4764492753623188,Hard
bluefin,2,2.45e-07,7,0.4151960784313726,Hard
boards,1,2.04e-05,6,0.20057870370370368,Easy
boasting,2,1.91e-06,8,0.21875,Easy
boats,1,1.78e-05,5,0.1477357609710551,Easy
boatswain,2,1.66e-07,9,0.65,Hard
bodies,2,4.9e-05,6,0.31980095068330355,Medium
body,2,0.000251,4,0.2356754356754356,Easy
boil,1,6.76e-06,4,0.3289473684210526,Medium
bomb,1,3.98e-05,4,0.25,Medium
bombs,1,1.41e-05,5,0.2624999999999999,Medium
bonds,1,1.86e-05,5,0.2142857142857143,Easy
bones,2,2.09e-05,5,0.20592948717948714,Easy
book,1,0.000269,4,0.16666666666666666,Easy
books,1,0.000141,5,0.2319444444444444,Easy
booty,2,3.89e-06,5,0.4,Hard
borders,2,1.82e-05,7,0.284375,Medium
bosom,2,1.12e-06,5,0.390625,Hard
bottom,2,6.92e-05,6,0.1388888888888889,Easy
boughs,1,2.4e-07,6,0.517156862745098,Hard
boundaries,3,1.78e-05,10,0.2578125,Medium
bow,1,2e-05,3,0.22628760128760125,Easy
bows,1,3.16e-06,4,0.1764705882352941,Easy
box,1,0.00011,3,0.2204861111111111,Easy
boycott,2,6.46e-06,7,0.1805555555555555,Easy
brain,1,8.71e-05,5,0.20366071428571422,Easy
brains,1,1.17e-05,6,0.1737616099071207,Easy
branch,1,3.8e-05,6,0.2916666666666666,Medium
branches,2,1.62e-05,8,0.2362861811391223,Easy
brass,1,1.12e-05,5,0.24827020202020203,Medium
breaches,2,2.24e-06,8,0.3665570175438596,Hard
bread,1,3.16e-05,5,0.15708324355383177,Easy
breadth,1,2.95e-06,7,0.3493983957219251,Hard
breakdown,2,1.26e-05,9,0.2825520833333333,Medium
breastplate,3,3.09e-07,11,0.43851073762838466,Hard
breather,2,1.05e-06,8,0.3392857142857143,Medium
breeding,2,1.2e-05,8,0.251984126984127,Medium
brickwork,2,5.13e-07,9,0.3529411764705882,Hard
bride,2,1.2e-05,5,0.2647058823529411,Medium
bridegroom,3,5.75e-07,10,0.4333333333333333,Hard
bridge,2,5.89e-05,6,0.1964285714285714,Easy
briefly,2,1.66e-05,7,0.3055555555555556,Medium
brightness,2,3.72e-06,10,0.368421052631579,Hard
broadcasters,3,3.02e-06,12,0.29256965944272445,Medium
bronze,2,1.58e-05,6,0.25939849624060146,Medium
brook,1,5.5e-06,5,0.4453125,Hard
brother,2,0.000129,7,0.1545955882352941,Easy
brothers,2,4.9e-05,8,0.06666666666666664,Easy
buckler,2,2.51e-07,7,0.4861111111111111,Hard
bud,1,1.2e-05,3,0.38098418394471023,Hard
budget,2,6.61e-05,6,0.23602941176470585,Easy
buds,1,4.27e-06,4,0.368421052631579,Hard
builders,2,6.31e-06,8,0.3333333333333333,Medium
building,2,0.000195,8,0.1666666666666666,Easy
bulb,1,4.57e-06,4,0.175,Easy
bull,1,2.19e-05,4,0.15714285714285714,Easy
bundles,2,3.31e-06,7,0.2692307692307693,Medium
burden,2,1.7e-05,6,0.25931372549019605,Medium
bureaucracies,5,3.55e-07,13,0.467391304347826,Hard
bureaucracy,5,3.55e-06,11,0.2321428571428571,Easy
burst,1,1.41e-05,5,0.1944444444444444,Easy
business,3,0.000363,8,0.18921568627450974,Easy
businesses,4,4.57e-05,10,0.1764705882352941,Easy
cm,1,1.86e-05,2,0.5657894736842105,Hard
cadmium,2,7.08e-07,7,0.5707894736842105,Hard
caffeine,3,4.68e-06,8,0.1666666666666666,Easy
cakes,2,7.08e-06,5,0.19618055555555555,Easy
caldron,2,5.75e-08,7,0.4480487620772947,Hard
calves,2,2.09e-06,6,0.2115384615384615,Easy
camera,3,7.41e-05,6,0.25,Medium
camp,1,6.17e-05,4,0.1842105263157895,Easy
camps,1,1.55e-05,5,0.21875,Easy
cancer,2,8.51e-05,6,0.24347826086956526,Easy
cancers,2,3.98e-06,7,0.2205882352941176,Easy
candidate,4,4.57e-05,9,0.2141123188405797,Easy
candidates,4,3.63e-05,10,0.1111111111111111,Easy
candles,2,6.61e-06,7,0.1842105263157895,Easy
capacity,4,5.13e-05,8,0.24386655011655006,Easy
capsule,3,5.01e-06,7,0.4,Hard
captains,2,4.17e-06,8,0.234375,Easy
captive,3,5.01e-06,7,0.2647058823529411,Medium
captivity,4,3.63e-06,9,0.27941176470588236,Medium
carbon,2,3.55e-05,6,0.25,Medium
carcass,2,1.62e-06,7,0.3200980392156862,Medium
carcinogens,4,4.57e-07,11,0.453125,Hard
carcinoma,4,1.41e-06,9,0.5166666666666667,Hard
card,1,0.00011,4,0.140625,Easy
cardiomyopathy,5,4.57e-07,14,0.8,Hard
career,2,0.000117,6,0.2142857142857143,Easy
cargos,2,1.15e-07,6,0.3375,Medium
carotids,3,1.95e-08,8,0.6785714285714286,Hard
carpenters,3,1.15e-06,10,0.1911764705882352,Easy
cars,1,7.76e-05,4,0.1964285714285714,Easy
cartilage,4,1.82e-06,9,0.3282894736842105,Medium
cartography,4,4.68e-07,11,0.40625,Hard
cascade,3,2.95e-06,7,0.5414663461538461,Hard
cascades,3,9.77e-07,8,0.45743034055727555,Hard
case,2,0.000355,4,0.24550653594771238,Medium
cases,2,0.00011,5,0.2318765664160401,Easy
catalepsy,4,3.39e-08,9,0.8333333333333333,Hard
cataract,3,9.33e-07,8,0.4,Hard
cataracts,3,6.17e-07,9,0.4642857142857143,Hard
catastrophes,4,5.89e-07,12,0.3877450980392157,Hard
cattle,2,1.41e-05,6,0.2,Easy
causation,3,1.26e-06,9,0.59375,Hard
cause,2,0.000224,5,0.18298402255639096,Easy
causes,2,4.27e-05,6,0.2511695906432749,Medium
cave,2,1.58e-05,4,0.2227941176470588,Easy
cedar,2,5.75e-06,5,0.27554179566563464,Medium
cedars,2,6.76e-07,6,0.3091269841269841,Medium
ceilings,2,2.82e-06,8,0.1764705882352941,Easy
cell,1,7.41e-05,4,0.244359796550199,Easy
cellars,2,1e-06,7,0.475,Hard
cellulose,4,1.17e-06,9,0.453125,Hard
centres,2,1.26e-05,7,0.390625,Hard
centurion,3,1.12e-06,9,0.475462962962963,Hard
century,3,0.000105,7,0.2166666666666666,Easy
cerebellar,4,2.95e-07,10,0.5853313840155945,Hard
cerebellum,4,4.68e-07,10,0.5849681020733652,Hard
cessation,3,1.78e-06,9,0.5192307692307693,Hard
chaff,1,5.62e-07,5,0.5263157894736842,Hard
chain,1,4.47e-05,5,0.275,Medium
chains,1,1.29e-05,6,0.2421875,Easy
chairperson,3,1.41e-06,11,0.35107655502392343,Hard
challenge,3,7.59e-05,9,0.16985294117647057,Easy
challenges,3,3.09e-05,10,0.27891399694889396,Medium
channel,2,7.08e-05,7,0.25833333333333336,Medium
chaperones,4,2.57e-07,10,0.5422794117647058,Hard
chapter,2,4.47e-05,7,0.28125,Medium
chapters,2,1.26e-05,8,0.2916666666666666,Medium
characteristics,5,1.91e-05,15,0.25,Medium
charge,2,0.000105,6,0.1388888888888889,Easy
chariot,2,1.95e-06,7,0.275,Medium
chariots,2,7.59e-07,8,0.26235294117647057,Medium
charity,3,2.82e-05,7,0.3874999999999999,Hard
checkpoint,2,2.45e-06,10,0.1428571428571428,Easy
checkpoints,2,1.35e-06,11,0.2,Easy
cheek,1,9.12e-06,5,0.171875,Easy
chemical,3,3.72e-05,8,0.2605475040257649,Medium
chemistry,3,2.24e-05,9,0.3157894736842105,Medium
cherub,2,3.89e-07,6,0.6111111111111112,Hard
cherubim,3,1.58e-07,8,0.6485810113519092,Hard
chick,1,1.2e-05,5,0.28125,Medium
chicken,2,4.27e-05,7,0.25,Medium
chiefs,1,1.17e-05,6,0.0999999999999999,Easy
chieftain,2,7.59e-07,9,0.4833333333333333,Hard
child,1,0.0002,5,0.21666666666666667,Easy
childcare,3,2.51e-06,9,0.25,Medium
chips,1,1.62e-05,5,0.3095238095238095,Medium
choice,2,0.00012,6,0.1875,Easy
cholesterol,4,5.25e-06,11,0.3,Medium
chow,1,2.69e-06,4,0.31088235294117644,Medium
chromosomes,4,2.04e-06,11,0.5,Hard
church,1,0.000145,6,0.21875,Easy
circuitry,3,1.17e-06,9,0.5,Hard
circumcision,4,1.62e-06,12,0.31900871459694985,Medium
circumstances,4,3.89e-05,13,0.359375,Hard
cistern,2,4.9e-07,7,0.5138888888888888,Hard
citadel,3,2.14e-06,7,0.4138071895424837,Hard
cities,2,6.92e-05,6,0.1723809523809523,Easy
city,2,0.000407,4,0.18398705096073514,Easy
clamor,2,4.17e-07,6,0.4499999999999999,Hard
clarification,5,3.47e-06,13,0.2647058823529411,Medium
clarifications,5,3.55e-07,14,0.3036344537815126,Medium
clashes,2,3.39e-06,7,0.3450593395252837,Medium
classification,5,1.51e-05,14,0.1958333333333333,Easy
classifications,5,1.51e-06,15,0.35,Hard
clay,1,1.95e-05,4,0.15277777777777773,Easy
cleanness,2,7.59e-08,9,0.2833333333333333,Medium
clearance,3,9.12e-06,9,0.28067210567210565,Medium
clinicians,3,1.86e-06,10,0.3125,Medium
clip,1,1.82e-05,4,0.2249999999999999,Easy
clods,1,1e-07,5,0.5870098039215687,Hard
clones,2,2.51e-06,6,0.33697916666666666,Medium
clot,1,1.55e-06,4,0.425,Hard
cloth,1,1.07e-05,5,0.1059941520467836,Easy
clothing,2,2.95e-05,8,0.24233405483405485,Easy
cloud,1,2.88e-05,5,0.18819901315789472,Easy
clouds,1,1.45e-05,6,0.13611111111111104,Easy
clues,1,6.61e-06,5,0.2624999999999999,Medium
cluster,2,9.77e-06,7,0.25,Medium
clustering,3,1.07e-06,10,0.42110100619195046,Hard
clusters,2,4.79e-06,8,0.3676470588235294,Hard
coagulation,4,4.9e-07,11,0.5450436753648827,Hard
coals,1,9.55e-07,5,0.2205882352941176,Easy
coastlines,3,4.17e-07,10,0.35,Hard
coat,1,2.29e-05,4,0.2359943977591036,Easy
cobalt,2,2.34e-06,6,0.421875,Hard
cocaine,3,9.55e-06,7,0.3088235294117647,Medium
coffer,2,1.51e-07,6,0.5125,Hard
cohorts,2,1.02e-06,7,0.3890376984126984,Hard
collaboration,5,1.91e-05,13,0.2333333333333333,Easy
collage,3,2.24e-06,7,0.4117647058823529,Hard
collagen,3,1.78e-06,8,0.4407407407407408,Hard
collateral,4,4.57e-06,10,0.2941176470588235,Medium
colleague,3,9.55e-06,9,0.25574346405228754,Medium
collection,3,9.12e-05,10,0.0999999999999999,Easy
collector,3,8.13e-06,9,0.2916666666666666,Medium
colonialism,4,2.14e-06,11,0.4852941176470589,Hard
colony,3,1.32e-05,6,0.3280701754385965,Medium
color,2,8.13e-05,5,0.14293981481481477,Easy
colts,1,4.07e-06,5,0.3888888888888888,Hard
column,2,2.14e-05,6,0.3700980392156862,Hard
combination,4,4.07e-05,11,0.23903985507246375,Easy
comfort,2,2.57e-05,7,0.171875,Easy
comforters,3,1.29e-07,10,0.29166666666666663,Medium
command,2,5.01e-05,7,0.14404761904761904,Easy
commandment,3,1.48e-06,11,0.2809210526315789,Medium
commandments,3,2.51e-06,12,0.2875,Medium
commemoration,5,1.95e-06,13,0.4444444444444444,Hard
comment,2,7.59e-05,7,0.135922619047619,Easy
commentators,4,5.13e-06,12,0.375,Hard
commitment,3,2.69e-05,10,0.3152173913043478,Medium
commitments,3,6.17e-06,11,0.2560763888888889,Medium
committees,3,8.51e-06,10,0.2552083333333333,Medium
commonplace,4,2.57e-06,11,0.2222222222222222,Easy
communities,4,5.13e-05,11,0.2236842105263157,Easy
companies,3,0.000151,9,0.13532986111111106,Easy
company,3,0.000398,7,0.24975633528265107,Medium
comparison,4,3.24e-05,10,0.1111111111111111,Easy
comparisons,4,6.17e-06,11,0.1607142857142857,Easy
compartment,3,4.37e-06,11,0.3333333333333333,Medium
compartments,3,1.74e-06,12,0.35,Hard
compassion,3,8.91e-06,10,0.2666666666666667,Medium
competences,4,3.39e-07,11,0.32528011204481794,Medium
competition,4,8.13e-05,11,0.234375,Easy
competitiveness,6,2.82e-06,15,0.28198412698412695,Medium
complainants,3,5.62e-07,12,0.328125,Medium
complex,2,7.24e-05,7,0.3119047619047619,Medium
complexes,3,3.31e-06,9,0.4278419384057971,Hard
complexity,4,1.05e-05,10,0.175,Easy
compliance,3,1.48e-05,10,0.3538011695906432,Hard
component,3,2.09e-05,9,0.3333333333333333,Medium
components,3,2.75e-05,10,0.1388888888888889,Easy
compounds,2,9.77e-06,9,0.375,Hard
compromise,4,1.41e-05,10,0.2677432216905901,Medium
compromises,4,1.91e-06,11,0.25,Medium
conceit,2,6.61e-07,7,0.5,Hard
concentration,4,1.86e-05,13,0.3354700854700855,Medium
concentrations,4,5.75e-06,14,0.30357142857142855,Medium
concept,2,5.89e-05,7,0.24054621848739494,Easy
concern,2,4.57e-05,7,0.19403594771241828,Easy
conclusion,3,2.51e-05,10,0.17666666666666664,Easy
conclusions,3,1e-05,11,0.3125,Medium
concubine,4,6.61e-07,9,0.5066137566137566,Hard
concubines,4,3.72e-07,10,0.375,Hard
condemnation,4,3.31e-06,12,0.37270585317460314,Hard
condensation,4,1.32e-06,12,0.49436090225563906,Hard
condition,3,7.24e-05,9,0.203125,Easy
conditions,3,9.55e-05,10,0.21872807017543855,Easy
condolence,4,6.03e-07,10,0.2647058823529411,Medium
condolences,4,3.8e-06,11,0.246114417989418,Medium
cone,2,6.76e-06,4,0.3529411764705882,Hard
confidence,4,4.47e-05,10,0.18748259537733217,Easy
conflict,2,4.37e-05,8,0.24572649572649571,Medium
conformation,4,7.08e-07,12,0.45,Hard
conformity,4,1.58e-06,10,0.4078947368421053,Hard
confrontations,4,9.12e-07,14,0.2763157894736842,Medium
congregation,4,6.61e-06,12,0.375,Hard
connection,3,5.75e-05,10,0.203125,Easy
connectivity,5,3.63e-06,12,0.40441176470588236,Hard
consecration,4,7.59e-07,12,0.4705882352941176,Hard
consent,2,2.29e-05,7,0.125,Easy
consequence,4,1.17e-05,11,0.2941176470588235,Medium
consequences,4,2.95e-05,12,0.2578125,Medium
consideration,5,1.91e-05,13,0.265625,Medium
consistency,4,9.77e-06,11,0.1875,Easy
consolidation,5,5.13e-06,13,0.3333333333333333,Medium
constituency,4,4.9e-06,12,0.425,Hard
constituent,3,3.8e-06,11,0.4464285714285714,Hard
constituents,3,5.37e-06,12,0.4,Hard
constitutions,4,1.07e-06,13,0.2638888888888888,Medium
constraints,2,6.31e-06,11,0.275,Medium
constriction,3,3.72e-07,12,0.5,Hard
construction,3,9.33e-05,12,0.2166666666666666,Easy
constructs,2,1.86e-06,10,0.37878787878787873,Hard
consultation,4,1.05e-05,12,0.1944444444444444,Easy
consultations,4,2.45e-06,13,0.33417874396135266,Medium
consumer,3,3.63e-05,8,0.25,Medium
contact,2,9.77e-05,7,0.26754493464052287,Medium
contemplation,4,1.41e-06,13,0.4868421052631578,Hard
content,2,0.0001,7,0.30196078431372547,Medium
context,2,4.27e-05,7,0.24625,Medium
continuation,4,5.13e-06,12,0.3199013157894737,Medium
continuity,4,5.89e-06,10,0.359375,Hard
contractor,3,1.2e-05,10,0.3289473684210526,Medium
contractors,3,1.02e-05,11,0.2875,Medium
contrast,2,2.88e-05,8,0.301786191749427,Medium
contribution,4,2.19e-05,12,0.2971848739495798,Medium
controversies,4,2.51e-06,13,0.35,Hard
conventions,3,6.03e-06,11,0.4210526315789473,Hard
conversion,3,1.74e-05,10,0.34411764705882353,Medium
converter,3,2.57e-06,9,0.390625,Hard
convocation,4,7.76e-07,11,0.5926339285714286,Hard
cooperation,4,2e-05,11,0.2612280701754386,Medium
coordination,4,7.94e-06,12,0.1875,Easy
coordinators,4,9.33e-07,12,0.25,Medium
copies,2,2.69e-05,6,0.2647058823529411,Medium
cord,1,9.55e-06,4,0.2472141030325173,Medium
cords,1,2.24e-06,5,0.3249999999999999,Medium
core,2,5.37e-05,4,0.28125,Medium
cormorant,3,2.19e-07,9,0.6527777777777778,Hard
corneal,2,6.46e-07,7,0.5178571428571429,Hard
cornerstone,4,2.45e-06,11,0.4117647058823529,Hard
corruption,3,2.24e-05,10,0.2638888888888888,Medium
cost,1,0.000174,4,0.13888888888888884,Easy
councillor,3,4.9e-06,10,0.25,Medium
councils,2,8.71e-06,8,0.2368421052631579,Easy
counsel,2,1.45e-05,7,0.30265737874097004,Medium
counselor,3,6.17e-06,9,0.3392857142857143,Medium
count,1,6.76e-05,5,0.2777777777777778,Medium
counterbalance,5,5.5e-07,14,0.4027777777777778,Hard
countries,2,0.000135,9,0.16612278244631185,Easy
country,2,0.000302,7,0.2093567251461988,Easy
counts,1,1.91e-05,6,0.2083333333333333,Easy
coupling,2,2.95e-06,8,0.3666666666666667,Hard
couplings,2,4.47e-07,9,0.5,Hard
courage,3,2.09e-05,7,0.20636574074074074,Easy
couriers,2,6.76e-07,8,0.5138888888888888,Hard
course,2,0.000275,6,0.19428571428571428,Easy
courses,2,2.88e-05,7,0.2885912698412698,Medium
courts,1,2.88e-05,6,0.24553571428571425,Medium
covenant,3,5.37e-06,8,0.3921081111870586,Hard
covenants,3,9.77e-07,9,0.3885416666666667,Hard
creation,2,3.63e-05,8,0.20974538533362058,Easy
creature,3,1.45e-05,8,0.2166666666666666,Easy
creatures,3,1.62e-05,9,0.1785714285714285,Easy
credibility,5,7.59e-06,11,0.375,Hard
crises,2,3.72e-06,6,0.2794117647058823,Medium
criteria,3,1.62e-05,8,0.31726190476190474,Medium
criticisms,3,4.57e-06,10,0.2857142857142857,Medium
crop,1,1.41e-05,4,0.09722222222222215,Easy
cross,1,0.0001,5,0.28854166666666664,Medium
crossings,2,2.88e-06,9,0.238095238095238,Easy
crown,1,3.63e-05,5,0.09191176470588235,Easy
crystal,2,2.51e-05,7,0.1875,Easy
crystallization,5,4.37e-07,15,0.46875,Hard
cubit,2,1.17e-07,5,0.631578947368421,Hard
culmination,4,1.82e-06,11,0.3088235294117647,Medium
cultivation,4,4.27e-06,11,0.35,Hard
culture,3,0.000107,7,0.18472222222222218,Easy
cultures,3,1.58e-05,8,0.25,Medium
culturing,3,1.62e-07,9,0.4166666666666666,Hard
currencies,3,4.17e-06,10,0.287828947368421,Medium
currency,3,2.34e-05,8,0.2019230769230769,Easy
curse,2,1.17e-05,5,0.19218749999999996,Easy
cursing,2,2.04e-06,7,0.2666666666666667,Medium
custody,3,1.66e-05,7,0.20357142857142854,Easy
custom,2,2.69e-05,6,0.2394957983193277,Easy
customs,2,1.55e-05,7,0.1764705882352941,Easy
cutters,2,1.91e-06,7,0.2678571428571429,Medium
cyan,1,5.13e-07,4,0.4499999999999999,Hard
cycle,2,3.98e-05,5,0.25354166666666667,Medium
cyclist,2,3.8e-06,7,0.3874999999999999,Hard
cyclone,3,3.24e-06,7,0.296875,Medium
cytoplasm,3,5.89e-07,9,0.49267942583732055,Hard
dainties,2,2.69e-08,8,0.5597848788638262,Hard
dairy,2,1.23e-05,5,0.1428571428571428,Easy
damage,3,7.94e-05,6,0.1695924908424908,Easy
dams,1,3.31e-06,4,0.35,Hard
dances,2,6.17e-06,6,0.15625,Easy
data,2,0.000219,4,0.19614379084967318,Easy
databases,4,4.17e-06,9,0.3645833333333333,Hard
date,2,0.000166,4,0.19847953216374264,Easy
daughters,2,1.91e-05,9,0.20098214285714286,Easy
daybreak,2,1.07e-06,8,0.375,Hard
daylight,2,6.92e-06,8,0.025,Easy
days,1,0.000407,4,0.13166666666666665,Easy
deadline,3,1.32e-05,8,0.21241830065359474,Easy
deadlines,3,2.4e-06,9,0.25,Medium
deafness,2,7.94e-07,8,0.2970394736842105,Medium
deal,1,0.000209,4,0.075,Easy
deals,1,3.89e-05,5,0.3088235294117647,Medium
death,1,0.000251,5,0.17622549019607842,Easy
deaths,1,3.39e-05,6,0.19444444444444442,Easy
debits,2,2.51e-07,6,0.34375,Medium
debtor,2,1.2e-06,6,0.3409090909090909,Medium
debts,1,9.77e-06,5,0.3194444444444444,Medium
decades,3,3.8e-05,7,0.15931372549019604,Easy
deceit,2,1.74e-06,6,0.3977272727272727,Hard
deceitfulness,4,5.62e-08,13,0.42647058823529405,Hard
deceits,2,7.59e-08,7,0.25,Medium
declarations,4,1.7e-06,12,0.35277777777777775,Hard
decommissioning,5,6.92e-07,15,0.5441176470588235,Hard
decrease,3,1.48e-05,8,0.2368421052631579,Easy
decreases,3,4.27e-06,9,0.2976190476190476,Medium
deduction,3,2.88e-06,9,0.265625,Medium
deeds,1,6.17e-06,5,0.225,Easy
defect,2,4.79e-06,6,0.3454861111111111,Medium
defender,3,1.29e-05,8,0.2794117647058823,Medium
defense,3,8.51e-05,7,0.2473739495798319,Medium
deficit,3,1.15e-05,7,0.4,Hard
deficits,3,3.16e-06,8,0.32289317042606513,Medium
deforestation,5,1.58e-06,13,0.29605263157894735,Medium
degeneration,5,1.32e-06,12,0.33308685316231756,Medium
degradation,4,3.98e-06,11,0.34375,Medium
degree,2,8.71e-05,6,0.29483016983016985,Medium
degrees,2,3.47e-05,7,0.2202380952380952,Easy
del,1,2.09e-05,3,0.4821428571428571,Hard
delay,2,2.51e-05,5,0.1888888888888888,Easy
delegation,4,8.32e-06,10,0.3472222222222222,Medium
delegations,4,1.23e-06,11,0.37197712418300644,Hard
deliberation,5,1.15e-06,12,0.40625,Hard
delight,2,9.33e-06,7,0.1625,Easy
dell,1,4.68e-06,4,0.5833333333333334,Hard
dementia,3,5.75e-06,8,0.3166666666666666,Medium
democracies,4,1.82e-06,11,0.40625,Hard
democracy,4,3.24e-05,9,0.24241854636591476,Easy
demons,2,1e-05,6,0.15277777777777773,Easy
dens,1,7.08e-07,4,0.203125,Easy
densities,3,1.2e-06,9,0.3611111111111111,Hard
dependence,4,4.57e-06,10,0.27328431372549017,Medium
depletion,3,1.38e-06,9,0.33256944444444436,Medium
deposition,4,3.24e-06,10,0.4615384615384615,Hard
deposits,3,1e-05,8,0.296875,Medium
deputy,3,3.55e-05,6,0.3666666666666667,Hard
derangement,4,3.72e-07,11,0.5357142857142857,Hard
deregulation,5,1.48e-06,12,0.5,Hard
derivatives,5,4.37e-06,11,0.474640522875817,Hard
dermis,2,2.57e-07,6,0.44711538461538464,Hard
descendants,3,5.13e-06,11,0.2249999999999999,Easy
desert,2,2.51e-05,6,0.1458333333333333,Easy
designations,4,1.1e-06,12,0.390625,Hard
desires,3,1.02e-05,7,0.23511904761904753,Easy
destinations,4,6.76e-06,12,0.3571428571428571,Hard
destruction,3,2.29e-05,11,0.24140625,Easy
detail,2,3.72e-05,6,0.24735449735449733,Medium
details,2,8.13e-05,7,0.0375,Easy
detention,3,9.12e-06,9,0.296875,Medium
detentions,3,3.16e-07,10,0.296875,Medium
detergents,3,5.37e-07,10,0.2857142857142857,Medium
deterioration,5,2.69e-06,13,0.40625,Hard
determinants,4,8.13e-07,12,0.4306769374416433,Hard
determination,5,1.45e-05,13,0.29820261437908496,Medium
determinations,5,6.17e-07,14,0.27604166666666663,Medium
deterrence,4,9.77e-07,10,0.4027777777777778,Hard
devastation,4,2.19e-06,11,0.2666666666666667,Medium
developments,4,1.66e-05,12,0.265625,Medium
devices,3,3.89e-05,7,0.2,Easy
dialogue,3,1.95e-05,8,0.26666666666666666,Medium
dialogues,3,1.66e-06,9,0.29345238095238096,Medium
diaphragm,2,1.23e-06,9,0.2941176470588235,Medium
diaphragmatic,4,9.77e-08,13,0.5892857142857143,Hard
diet,1,3.72e-05,4,0.2,Easy
diets,1,4.57e-06,5,0.1346153846153846,Easy
difference,4,0.000102,10,0.2384689330277565,Easy
differentiation,5,3.09e-06,15,0.3852064618951029,Hard
difficulties,4,1.62e-05,12,0.19444444444444445,Easy
difficulty,4,2.14e-05,10,0.2249999999999999,Easy
dignity,3,1.05e-05,7,0.15,Easy
dimension,3,1.05e-05,9,0.3333333333333333,Medium
diminution,4,2.51e-07,10,0.6607142857142857,Hard
dips,1,2e-06,4,0.3055555555555556,Medium
disarmament,4,1.48e-06,11,0.5,Hard
disassembly,4,3.31e-07,11,0.2763157894736842,Medium
disaster,3,2.45e-05,8,0.27817460317460313,Medium
disbursement,4,5.13e-07,12,0.4473684210526315,Hard
discernment,3,6.17e-07,11,0.4202786377708978,Hard
discharge,3,8.51e-06,9,0.24765350877192976,Medium
disciples,3,4.57e-06,9,0.2175925925925926,Easy
discovery,4,2.82e-05,9,0.22609427609427604,Easy
discrepancies,4,1.55e-06,13,0.4107142857142857,Hard
discrimination,5,2.04e-05,14,0.3302209772798008,Medium
discs,1,3.98e-06,5,0.3977272727272727,Hard
discussion,3,5.13e-05,10,0.1785714285714285,Easy
discussions,3,1.91e-05,11,0.25,Medium
diseases,3,2.29e-05,8,0.15841599190283398,Easy
dishonor,3,7.59e-07,8,0.234375,Easy
disinformation,5,9.12e-07,14,0.368421052631579,Hard
disk,1,1.02e-05,4,0.3082497212931995,Medium
disobedience,5,1.91e-06,12,0.1630434782608695,Easy
disorder,3,2.04e-05,8,0.24714525283797725,Medium
disorders,3,1.38e-05,9,0.3676470588235294,Hard
disparities,4,1.55e-06,11,0.3249999999999999,Medium
disparity,4,2.63e-06,9,0.4545454545454546,Hard
display,2,4.27e-05,7,0.16776315789473678,Easy
displeasure,4,1.38e-06,11,0.1176470588235294,Easy
disputes,3,9.12e-06,8,0.30833333333333335,Medium
disrepute,4,3.39e-07,9,0.515625,Hard
disruptions,3,1.15e-06,11,0.3196428571428571,Medium
dissemination,5,1.82e-06,13,0.5513888888888889,Hard
dissenters,3,7.59e-07,10,0.5357142857142857,Hard
dissident,3,1.26e-06,9,0.5657894736842105,Hard
dissidents,3,1.23e-06,10,0.390625,Hard
dissociation,4,6.92e-07,12,0.4499999999999999,Hard
distortions,3,1.1e-06,11,0.3611111111111111,Hard
distraction,3,6.03e-06,11,0.1607142857142857,Easy
distribution,4,4.37e-05,12,0.38340336134453784,Hard
district,2,0.00011,8,0.2794117647058823,Medium
disturbance,4,4.07e-06,11,0.24583333333333332,Medium
divergence,4,1.48e-06,10,0.39166666666666666,Hard
diversity,4,2.09e-05,9,0.3519736842105263,Hard
divination,4,7.76e-07,10,0.5258101851851852,Hard
division,3,7.24e-05,8,0.1458333333333333,Easy
doctorates,4,3.72e-07,10,0.3970588235294118,Hard
document,3,3.16e-05,8,0.2,Easy
doers,1,4.17e-07,5,0.25,Medium
dog,1,0.000126,3,0.1833333333333333,Easy
dogma,2,1.86e-06,5,0.49739583333333326,Hard
dogs,1,5.89e-05,4,0.0999999999999999,Easy
doings,1,6.17e-07,6,0.24342105263157893,Easy
domain,2,2.04e-05,6,0.31527777777777777,Medium
domains,2,5.25e-06,7,0.3347282728881026,Medium
dominion,3,4.57e-06,8,0.36468253968253966,Hard
donkeys,2,1.15e-06,7,0.203954087117303,Easy
donor,2,8.32e-06,5,0.25,Medium
doorkeeper,3,1.15e-07,10,0.2105263157894736,Easy
doors,1,3.47e-05,5,0.2647058823529411,Medium
dopamine,4,2.34e-06,8,0.3833333333333333,Hard
doping,2,2.95e-06,6,0.35,Hard
dosage,3,3.31e-06,6,0.2333333333333333,Easy
dose,2,1.58e-05,4,0.25,Medium
doves,2,1.26e-06,5,0.2058823529411764,Easy
downstairs,2,5.25e-06,10,0.2777777777777778,Medium
downturn,2,1.55e-06,8,0.3888888888888888,Hard
doxycycline,5,1.78e-07,11,0.6805555555555556,Hard
drachma,2,1.05e-07,7,0.6111111111111112,Hard
draftsman,2,3.47e-07,9,0.4418402777777778,Hard
draftsmen,2,5.75e-08,9,0.4314814814814814,Hard
dragon,2,2.57e-05,6,0.27976190476190477,Medium
dream,1,8.13e-05,5,0.2638888888888888,Medium
dreams,1,3.89e-05,6,0.2142857142857143,Easy
drink,1,7.94e-05,5,0.075,Easy
drive,2,0.000135,5,0.4722222222222222,Hard
drivers,2,3.63e-05,7,0.2738095238095238,Medium
drop,1,9.77e-05,4,0.2916666666666666,Medium
drops,1,2.14e-05,5,0.1923076923076923,Easy
dross,1,2.34e-07,5,0.6506091617933722,Hard
droughts,1,9.77e-07,8,0.3347222222222222,Medium
drugs,1,5.89e-05,5,0.20789760348583872,Easy
duct,1,3.8e-06,4,0.4,Hard
dunghill,2,4.68e-08,8,0.5555555555555556,Hard
duplex,2,1.35e-06,6,0.515625,Hard
duplication,4,1.45e-06,11,0.30357142857142855,Medium
duplications,4,1.29e-07,12,0.3382352941176471,Medium
duties,2,2.09e-05,6,0.24451754385964902,Easy
duty,2,5.13e-05,4,0.0555555555555555,Easy
dwellings,2,2.4e-06,9,0.26666666666666666,Medium
dwells,1,7.41e-07,6,0.2105263157894736,Easy
dysfunction,3,3.31e-06,11,0.38840579710144923,Hard
dystrophy,3,6.76e-07,9,0.5526315789473685,Hard
eagle,2,1.35e-05,5,0.15178571428571425,Easy
ear,1,2.69e-05,3,0.21711309523809522,Easy
earnestness,3,2.45e-07,11,0.5,Hard
ears,1,2.29e-05,4,0.13368055555555555,Easy
earth,1,0.000115,5,0.14657738095238093,Easy
earthquake,3,1.41e-05,10,0.21323529411764705,Easy
eco,2,5.13e-06,3,0.3214285714285714,Medium
economies,4,7.76e-06,9,0.26036184210526314,Medium
economists,4,5.75e-06,10,0.2666666666666667,Medium
economy,4,7.41e-05,7,0.18182189542483657,Easy
ecosystems,4,3.31e-06,10,0.28362573099415206,Medium
edifying,3,2.75e-07,8,0.5588235294117647,Hard
effect,2,0.000105,6,0.2100101858925388,Easy
effectiveness,5,1.12e-05,13,0.27631578947368424,Medium
effectors,3,1.41e-07,9,0.5,Hard
effects,2,7.76e-05,7,0.2029289215686274,Easy
efficiencies,4,1.55e-06,12,0.4285714285714286,Hard
effort,2,8.32e-05,6,0.125,Easy
efforts,2,5.89e-05,7,0.22906024251805981,Easy
eggs,1,3.16e-05,4,0.140625,Easy
elders,2,5.75e-06,6,0.17712249373433578,Easy
elections,3,4.57e-05,9,0.25,Medium
electricity,5,2.69e-05,11,0.1176470588235294,Easy
electrolysis,5,5.25e-07,12,0.3823529411764705,Hard
electron,3,6.61e-06,8,0.3012152777777778,Medium
element,3,2.88e-05,7,0.18676470588235294,Easy
elements,3,5.01e-05,8,0.25,Medium
eleven,3,1.32e-05,6,0.1607142857142857,Easy
eleventh,3,3.02e-06,8,0.2222222222222222,Easy
elite,3,2.51e-05,5,0.3421052631578947,Medium
elongation,4,4.37e-07,10,0.45929276315789475,Hard
elucidation,5,1.95e-07,11,0.5460526315789473,Hard
embryos,2,1.95e-06,7,0.3319871794871795,Medium
emergence,4,5.5e-06,9,0.4264705882352941,Hard
emergencies,4,3.63e-06,11,0.34375,Medium
emission,3,5.01e-06,8,0.484375,Hard
emissions,3,1.17e-05,9,0.3101851851851851,Medium
emphasis,3,1.55e-05,8,0.33204948646125115,Medium
encouragement,5,6.17e-06,13,0.25,Medium
end,1,0.000479,3,0.2058799342105263,Easy
endeavour,3,2.82e-06,9,0.43333333333333324,Hard
endeavours,3,1.07e-06,10,0.359375,Hard
endings,2,3.47e-06,7,0.234375,Easy
ends,1,5.62e-05,4,0.26381578947368417,Medium
enemies,3,2.51e-05,7,0.16928758547953587,Easy
enemy,3,5.01e-05,5,0.2238095238095238,Easy
energies,3,3.47e-06,8,0.2647058823529411,Medium
engagement,4,2.04e-05,10,0.2894736842105263,Medium
engravings,3,1.02e-06,10,0.3125,Medium
enhancement,4,4.27e-06,11,0.3249999999999999,Medium
enhancer,3,6.76e-07,8,0.328125,Medium
entities,3,9.33e-06,8,0.3043478260869565,Medium
entrance,3,2.45e-05,8,0.0,Easy
entreaty,3,7.41e-08,8,0.6333333333333333,Hard
environments,4,1.05e-05,12,0.2236842105263157,Easy
enzyme,3,6.61e-06,6,0.4214947935696017,Hard
enzymes,3,4.17e-06,7,0.39550653594771246,Hard
epidemics,4,1.02e-06,9,0.3125,Medium
epithelium,4,5.5e-07,10,0.7303968253968254,Hard
equity,3,2e-05,6,0.359375,Hard
era,2,4.68e-05,3,0.3522727272727273,Hard
erosion,3,4.37e-06,7,0.425,Hard
errors,2,1.78e-05,6,0.25,Medium
eruption,3,3.31e-06,8,0.3,Medium
escapade,4,3.31e-07,8,0.2941176470588235,Medium
escape,3,4.37e-05,6,0.2,Easy
estimates,4,2e-05,9,0.2058823529411764,Easy
ethanol,3,2.88e-06,7,0.25,Medium
ethnicity,4,5.37e-06,9,0.25,Medium
etiology,4,4.07e-07,8,0.5862207602339181,Hard
eunuchs,2,3.98e-07,7,0.5643382352941176,Hard
euro,2,1.23e-05,4,0.29279513888888886,Medium
evangelist,4,1.26e-06,10,0.368421052631579,Hard
evangelists,4,6.03e-07,11,0.4558823529411765,Hard
evening,3,7.24e-05,7,0.17075163398692805,Easy
evenings,3,4.27e-06,8,0.3552631578947368,Hard
event,2,0.000151,5,0.2166666666666666,Easy
everybody,5,6.92e-05,9,0.1338693957115009,Easy
everyone,4,0.000295,8,0.12414781297134234,Easy
everything,4,0.000347,10,0.12083333333333329,Easy
evil,2,5.5e-05,4,0.2173913043478261,Easy
evildoer,3,4.17e-08,8,0.3249999999999999,Medium
evolution,4,2.57e-05,9,0.2184574684574684,Easy
ewe,2,6.17e-07,3,0.3910714285714285,Hard
exacerbation,5,1.82e-07,12,0.3970588235294118,Hard
examination,5,1.82e-05,11,0.2409293831168831,Easy
example,3,0.000186,7,0.17034970238095234,Easy
excellence,4,1.17e-05,10,0.2236842105263157,Easy
excise,3,1.82e-06,6,0.359375,Hard
excretion,3,4.68e-07,9,0.37222222222222223,Hard
excuses,3,8.91e-06,7,0.1323529411764705,Easy
execution,4,1.95e-05,9,0.25,Medium
exemption,3,4.47e-06,9,0.2765114379084967,Medium
exemptions,3,2.14e-06,10,0.265625,Medium
exercise,4,4.79e-05,8,0.1926470588235293,Easy
exertion,3,7.94e-07,8,0.3214285714285714,Medium
exhortation,4,3.8e-07,11,0.49854497354497357,Hard
exile,3,6.92e-06,5,0.3472222222222222,Medium
existence,4,3.55e-05,9,0.2763157894736842,Medium
exit,2,2.24e-05,4,0.2166666666666666,Easy
expanse,3,1.58e-06,7,0.2763888888888889,Medium
expectations,4,2.75e-05,12,0.2058823529411764,Easy
expeditions,4,2.29e-06,11,0.359375,Hard
expenditure,5,5.5e-06,11,0.3874080882352941,Hard
expenses,3,2.14e-05,8,0.265625,Medium
experience,4,0.000186,10,0.23350301659125186,Easy
experiment,4,2.4e-05,10,0.25210084033613445,Medium
experiments,4,1.58e-05,11,0.21263314536340855,Easy
expert,2,3.63e-05,6,0.2285087719298245,Easy
experts,2,3.31e-05,7,0.1470588235294117,Easy
expiry,3,1e-06,6,0.46365546218487397,Hard
explanation,4,2.75e-05,11,0.1720289718451483,Easy
explosion,3,1.66e-05,9,0.234375,Easy
export,2,1.74e-05,6,0.25,Medium
exporter,3,1.95e-06,8,0.35,Hard
exposure,4,2.75e-05,8,0.21714285714285708,Easy
exposures,4,1.82e-06,9,0.2833333333333333,Medium
expulsion,3,2.57e-06,9,0.3166666666666666,Medium
extension,3,2.88e-05,9,0.2971014492753623,Medium
extent,2,2.95e-05,6,0.22322303921568626,Easy
extract,2,1.05e-05,7,0.3611111111111111,Hard
extraction,3,6.31e-06,10,0.3249999999999999,Medium
extracts,2,2.82e-06,8,0.275,Medium
extremism,3,2.04e-06,9,0.4012605042016807,Hard
extremity,4,1e-06,9,0.3269230769230768,Medium
eye,2,0.000105,3,0.18061507936507934,Easy
eyes,2,0.000162,4,0.18333333333333326,Easy
fables,2,9.33e-07,6,0.2666666666666667,Medium
face,2,0.000282,4,0.14991830065359474,Easy
faces,2,3.89e-05,5,0.075,Easy
facilitation,5,8.32e-07,12,0.3288398692810457,Medium
fact,1,0.000257,4,0.17528508771929824,Easy
factor,2,4.68e-05,6,0.25128384687208216,Medium
factors,2,4.37e-05,7,0.2237928153717627,Easy
facts,1,5.25e-05,5,0.1764705882352941,Easy
failure,3,5.25e-05,7,0.2357536764705882,Easy
faith,1,6.61e-05,5,0.1724206349206349,Easy
faithfulness,3,1e-06,12,0.2625265034243362,Medium
fall,1,0.000135,4,0.2663807189542483,Medium
falsehood,3,8.32e-07,9,0.34169407894736836,Medium
falsification,5,3.24e-07,13,0.4166666666666666,Hard
families,3,8.71e-05,8,0.1967422385620915,Easy
famine,3,4.07e-06,6,0.29108796296296297,Medium
famines,3,4.37e-07,7,0.3017857142857143,Medium
fans,1,0.000107,4,0.2666666666666667,Medium
farmer,2,1.41e-05,6,0.2391304347826087,Easy
fascists,2,2.34e-06,8,0.4,Hard
fashion,2,6.61e-05,7,0.3196594427244581,Medium
fasting,2,3.72e-06,7,0.1957417582417582,Easy
fat,1,7.08e-05,3,0.24583179095436797,Medium
fatalities,4,2.82e-06,10,0.3166666666666666,Medium
fate,2,2.29e-05,4,0.2221813725490196,Easy
fatherless,3,4.07e-07,10,0.32189542483660133,Medium
fathers,2,1.2e-05,7,0.1787377450980392,Easy
fatness,2,2.04e-07,7,0.2941176470588235,Medium
favor,2,3.8e-05,5,0.1833333333333333,Easy
favour,2,2.04e-05,6,0.22870098039215686,Easy
fear,1,8.91e-05,4,0.2236842105263157,Easy
fears,1,1.48e-05,5,0.1666666666666666,Easy
feasibility,5,2.75e-06,11,0.2759103641456582,Medium
feast,1,8.91e-06,5,0.21289624183006534,Easy
feasts,1,9.55e-07,6,0.225,Easy
feature,3,6.61e-05,7,0.175,Easy
features,3,8.71e-05,8,0.1933333333333333,Easy
feed,1,4.68e-05,4,0.25,Medium
feedback,2,2.09e-05,8,0.2857142857142857,Medium
feet,1,9.77e-05,4,0.17355889724310772,Easy
female,3,0.0001,6,0.1785714285714285,Easy
females,3,2.4e-05,7,0.3333333333333333,Medium
feminization,5,2.4e-07,12,0.3928571428571429,Hard
fertilization,5,1.12e-06,13,0.2065972222222222,Easy
fetters,2,1.78e-07,7,0.525,Hard
fibers,2,4.37e-06,6,0.2,Easy
fibrosis,3,1.55e-06,8,0.4705882352941176,Hard
field,1,0.000174,5,0.22240497076023388,Easy
fierceness,3,1.66e-07,10,0.2566964285714286,Medium
fig,1,1.26e-05,3,0.2361111111111111,Easy
fightings,2,2.69e-08,9,0.3035714285714286,Medium
figs,1,2.57e-06,4,0.3125,Medium
filament,3,1.23e-06,8,0.4475108225108225,Hard
file,2,5.62e-05,4,0.20969025291275922,Easy
fillets,2,5.37e-07,7,0.3846153846153846,Hard
filthiness,3,5.13e-08,10,0.30357142857142855,Medium
finding,2,7.08e-05,7,0.19671078431372546,Easy
findings,2,2.4e-05,8,0.23368055555555553,Easy
finger,2,3.02e-05,6,0.0499999999999999,Easy
fire,2,0.0002,4,0.12349206349206347,Easy
firefighting,4,8.32e-07,12,0.1764705882352941,Easy
firms,1,2.4e-05,5,0.2166666666666666,Easy
firstborn,2,7.59e-07,9,0.2142857142857143,Easy
fish,1,7.94e-05,4,0.16345029239766073,Easy
fishing,2,2.95e-05,7,0.20094599243206054,Easy
flakes,2,2.4e-06,6,0.4891304347826086,Hard
flame,2,1.17e-05,5,0.15625,Easy
flatter,2,1.86e-06,7,0.3846153846153846,Hard
flavouring,3,2.29e-07,10,0.3421052631578947,Medium
fleets,1,2.04e-06,6,0.1875,Easy
flesh,1,1.58e-05,5,0.22174873737373738,Easy
flight,1,7.24e-05,6,0.1527777777777778,Easy
flint,1,5.89e-06,5,0.4473684210526315,Hard
flock,1,4.9e-06,5,0.3907967032967033,Hard
flocks,1,1.07e-06,6,0.32738095238095233,Medium
floor,1,8.71e-05,5,0.2014472455648926,Easy
flounder,2,6.03e-07,8,0.5,Hard
flour,1,1e-05,5,0.1666666666666666,Easy
flourishes,3,7.76e-07,10,0.3375,Medium
flow,1,4.79e-05,4,0.2599789915966386,Medium
flower,2,2.63e-05,6,0.2166666666666666,Easy
fluidity,3,7.94e-07,8,0.4078947368421053,Hard
flutters,2,2.4e-07,8,0.421875,Hard
fly,1,5.62e-05,3,0.0999999999999999,Easy
focus,2,0.0001,5,0.1964285714285714,Easy
follicle,3,6.31e-07,8,0.45793942577030816,Hard
foodstuffs,2,6.92e-07,10,0.35,Hard
fools,1,7.59e-06,5,0.14583333333333331,Easy
footballers,3,2.82e-06,11,0.2763157894736842,Medium
footing,2,3.16e-06,7,0.2857142857142857,Medium
footstool,2,2.14e-07,9,0.325828664799253,Medium
forces,2,9.55e-05,6,0.2236842105263157,Easy
fords,1,5.5e-07,5,0.48009259259259257,Hard
forebrain,3,1.32e-07,9,0.5334558823529412,Hard
foreigner,3,3.02e-06,9,0.3125,Medium
foreigners,3,7.41e-06,10,0.140625,Easy
foresail,3,3.39e-08,8,0.6166666666666667,Hard
forest,2,5.01e-05,6,0.2120098039215686,Easy
forestry,3,4.9e-06,8,0.296875,Medium
forfeiture,4,1.1e-06,10,0.5166666666666667,Hard
forgeries,3,4.57e-07,9,0.421875,Hard
forgers,2,1.41e-07,7,0.3157894736842105,Medium
forgiveness,4,7.41e-06,11,0.0714285714285714,Easy
fork,1,1.07e-05,4,0.2857142857142857,Medium
form,1,0.000204,4,0.22033053053757384,Easy
formation,3,3.09e-05,9,0.26805555555555555,Medium
forms,1,5.37e-05,5,0.20698529411764702,Easy
fortitude,4,1.41e-06,9,0.4404761904761904,Hard
fortresses,3,6.92e-07,10,0.2625,Medium
forts,1,1.7e-06,5,0.15,Easy
forums,2,7.08e-06,6,0.2794117647058823,Medium
foundation,3,6.46e-05,10,0.25,Medium
foundations,3,9.33e-06,11,0.3013157894736842,Medium
founder,2,2.88e-05,7,0.34375,Medium
founders,2,6.76e-06,8,0.375,Hard
founding,2,9.77e-06,8,0.25,Medium
fowl,1,1e-06,4,0.3088235294117647,Medium
fraction,2,9.12e-06,8,0.0833333333333333,Easy
fractions,2,2.09e-06,9,0.24264705882352938,Easy
fragility,4,9.55e-07,9,0.4666666666666667,Hard
fragmentation,4,1.7e-06,13,0.375,Hard
frame,2,3.8e-05,5,0.3173076923076923,Medium
frankincense,4,2.75e-07,12,0.5005952380952381,Hard
freedom,2,7.24e-05,7,0.203125,Easy
frequency,3,2.29e-05,9,0.2544270833333333,Medium
friendships,2,4.68e-06,11,0.15625,Easy
fruit,1,3.72e-05,5,0.16166666666666663,Easy
fuel,1,5.25e-05,4,0.2142857142857143,Easy
fuels,1,6.61e-06,5,0.2875,Medium
fullness,2,1.07e-06,8,0.3096671639670361,Medium
function,2,6.03e-05,8,0.2507040998217468,Medium
functionality,5,5.01e-06,13,0.27083333333333337,Medium
functioning,3,1.05e-05,11,0.25,Medium
functions,2,3.16e-05,9,0.22550717256599606,Easy
funding,2,4.27e-05,7,0.3038949275362319,Medium
fungi,2,3.02e-06,5,0.2829861111111111,Medium
furrow,2,3.72e-07,6,0.53125,Hard
fusion,2,1.05e-05,6,0.328125,Medium
future,3,0.000214,6,0.18902675653594767,Easy
gallery,3,3.09e-05,7,0.27631578947368424,Medium
game,2,0.000525,4,0.2647058823529411,Medium
gametes,3,2.34e-07,7,0.75,Hard
ganglia,2,3.89e-07,7,0.6150122549019609,Hard
ganglion,2,3.89e-07,8,0.6598597455176403,Hard
garden,2,5.89e-05,6,0.1607142857142857,Easy
garlic,2,8.32e-06,6,0.2205882352941176,Easy
garment,2,3.89e-06,7,0.21875,Easy
garments,2,3.16e-06,8,0.2058823529411764,Easy
garrison,3,4.68e-06,8,0.4411764705882353,Hard
garrisons,3,5.5e-07,9,0.5,Hard
gas,1,0.000102,3,0.1428571428571428,Easy
gastrocnemius,4,4.27e-08,13,0.6029411764705882,Hard
gate,2,2.95e-05,4,0.19047619047619047,Easy
gates,2,2e-05,5,0.19934640522875816,Easy
genealogy,4,2.24e-06,9,0.5043402777777778,Hard
generation,4,6.61e-05,10,0.2564875730994152,Medium
generations,4,1.95e-05,11,0.2631196581196581,Medium
genes,2,1.38e-05,5,0.2741071428571429,Medium
genetics,3,6.92e-06,8,0.3285603715170279,Medium
genome,3,5.01e-06,6,0.39654135338345864,Hard
genomes,3,1.1e-06,7,0.434375,Hard
gentlemen,3,1.35e-05,9,0.17283208020050123,Easy
gentleness,3,5.89e-07,10,0.3611111111111111,Hard
germ,1,1.58e-06,4,0.34868421052631576,Hard
gesture,3,7.94e-06,7,0.2857142857142857,Medium
gifts,1,2.4e-05,5,0.14705882352941171,Easy
gigantism,3,7.76e-08,9,0.3970588235294118,Hard
gland,1,2.4e-06,5,0.3181818181818182,Medium
glaucoma,3,1.02e-06,8,0.3978696741854636,Hard
glory,2,2.29e-05,5,0.22438375350140055,Easy
glutamate,4,7.59e-07,9,0.75,Hard
goal,1,0.000115,4,0.18311403508771923,Easy
goat,1,1.05e-05,4,0.2109375,Easy
goats,1,5.25e-06,5,0.1666666666666666,Easy
gods,1,2.51e-05,4,0.0833333333333333,Easy
goings,1,8.71e-07,6,0.29999999999999993,Medium
gold,1,0.000148,4,0.12275743707093816,Easy
gonad,2,7.59e-08,5,0.5096078431372548,Hard
gonads,2,2.63e-07,6,0.5691964285714285,Hard
goodness,2,1.35e-05,8,0.1944444444444444,Easy
goods,1,3.98e-05,5,0.234375,Easy
governor,3,5.13e-05,8,0.24592803030303023,Medium
governors,3,8.51e-06,9,0.2597222222222222,Medium
grace,2,3.63e-05,5,0.2236461251167133,Easy
gradient,2,3.02e-06,8,0.4979166666666667,Hard
grafting,2,6.17e-07,8,0.2833333333333333,Medium
grain,1,1.51e-05,5,0.20643584356819647,Easy
granules,3,6.17e-07,8,0.4338235294117647,Hard
grass,1,2.4e-05,5,0.20624999999999993,Easy
grasshopper,3,1.07e-06,11,0.3472222222222222,Medium
grasshoppers,3,6.03e-07,12,0.25,Medium
graves,2,7.41e-06,6,0.2631578947368421,Medium
greatness,2,5.13e-06,9,0.2449534161490683,Medium
greenhouse,3,6.03e-06,10,0.2205882352941176,Easy
griddle,2,3.31e-07,7,0.4722222222222222,Hard
ground,1,0.000141,6,0.3018980566534914,Medium
grounds,1,2.69e-05,7,0.2666666666666667,Medium
groupings,2,1.07e-06,9,0.2105263157894736,Easy
groups,1,0.000132,6,0.17114756158873806,Easy
growth,1,0.000107,6,0.21962344720496896,Easy
guanine,3,2e-07,7,0.6666666666666666,Hard
guarantees,3,6.76e-06,10,0.25,Medium
guarantor,3,6.17e-07,9,0.4821428571428571,Hard
guidance,3,2.14e-05,8,0.2477272727272727,Medium
guide,2,5.62e-05,5,0.2777777777777778,Medium
gutters,2,7.24e-07,7,0.3333333333333333,Medium
gyrus,2,3.47e-07,5,0.5,Hard
habitation,4,9.55e-07,10,0.3075805322128851,Medium
hailstones,3,1.45e-07,10,0.34375,Medium
hair,1,0.00012,4,0.14959967320261436,Easy
half,1,0.000257,4,0.1470588235294117,Easy
hallmark,2,2.34e-06,8,0.3333333333333333,Medium
hallmarks,2,8.32e-07,9,0.3642156862745098,Hard
hand,1,0.000257,4,0.16429511278195488,Easy
handfuls,2,3.98e-07,8,0.23133116883116875,Easy
handicaps,3,4.47e-07,9,0.2494047619047619,Medium
handling,2,2.45e-05,8,0.3157894736842105,Medium
handmaid,2,1.55e-07,8,0.32095238095238093,Medium
hands,1,0.000145,5,0.1187091503267973,Easy
hangings,2,4.57e-07,8,0.34424603174603174,Medium
harm,1,2.95e-05,4,0.2352941176470588,Easy
harps,1,3.8e-07,5,0.15,Easy
harshness,2,4.47e-07,9,0.24166666666666667,Easy
hart,1,1.1e-05,4,0.4444444444444444,Hard
harvest,2,1.07e-05,7,0.25,Medium
hatred,2,1.12e-05,6,0.2066993464052287,Easy
hawk,1,6.46e-06,4,0.2166666666666666,Easy
hazards,2,4.37e-06,7,0.2647058823529411,Medium
head,1,0.000324,4,0.21539969834087475,Easy
headbands,2,2.88e-07,9,0.28125,Medium
headdresses,3,1.62e-07,11,0.3340336134453781,Medium
heads,1,4.68e-05,5,0.21586134453781508,Easy
heap,1,3.89e-06,4,0.3274509803921568,Medium
hearing,2,6.61e-05,7,0.19166666666666665,Easy
heart,1,0.000204,5,0.19591503267973853,Easy
hearth,1,1.26e-06,6,0.4333333333333333,Hard
hearts,1,2.75e-05,6,0.1901960784313725,Easy
heatwave,3,7.08e-07,8,0.2916666666666666,Medium
heavens,2,5.25e-06,7,0.22666838665290676,Easy
hectares,3,2.69e-06,8,0.4285714285714286,Hard
heirs,1,3.24e-06,5,0.25,Medium
help,1,0.000562,4,0.22135416666666663,Easy
henna,2,6.92e-07,5,0.4868421052631578,Hard
herds,1,1.62e-06,5,0.175,Easy
heresies,3,3.09e-07,8,0.5892857142857143,Hard
heritage,4,2.29e-05,8,0.375,Hard
hierarchy,3,6.03e-06,9,0.4117647058823529,Hard
highway,2,3.09e-05,7,0.2586805555555555,Medium
hill,1,6.61e-05,4,0.23599537037037036,Easy
hills,1,2.88e-05,5,0.2619047619047618,Medium
hippocampus,4,9.77e-07,11,0.5085346638655462,Hard
hireling,3,6.61e-08,8,0.5,Hard
histology,4,4.07e-07,9,0.5078125,Hard
history,3,0.000245,7,0.1499685621396147,Easy
homelessness,4,2.69e-06,12,0.1617647058823529,Easy
homeostasis,4,5.5e-07,11,0.5727182539682539,Hard
homes,2,4.9e-05,5,0.1833333333333333,Easy
honesty,3,9.77e-06,7,0.1617647058823529,Easy
honey,2,2.34e-05,5,0.3125,Medium
honeycomb,3,8.71e-07,9,0.3472222222222222,Medium
honor,2,4.9e-05,5,0.1864583333333333,Easy
honour,2,2.34e-05,6,0.1666666666666666,Easy
hoofs,1,1.55e-07,5,0.23641304347826084,Easy
hook,1,2.34e-05,4,0.25,Medium
hooligans,3,8.71e-07,9,0.3823529411764705,Hard
hope,2,0.000275,4,0.15,Easy
horns,1,6.31e-06,5,0.27192982456140347,Medium
horrors,2,3.31e-06,7,0.2833333333333333,Medium
horsemen,3,1.62e-06,8,0.2166666666666666,Easy
horses,2,2.82e-05,6,0.15178571428571425,Easy
hospitality,5,7.94e-06,11,0.3472222222222222,Medium
host,1,5.89e-05,4,0.2934782608695652,Medium
hostages,3,4.37e-06,8,0.3152173913043478,Medium
hour,1,0.000151,4,0.2491319444444444,Medium
hours,1,0.000251,5,0.20868347338935567,Easy
household,3,2.95e-05,9,0.1666666666666666,Easy
households,3,1.35e-05,10,0.1785714285714285,Easy
houses,2,5.25e-05,6,0.181547619047619,Easy
housetops,3,1.82e-08,9,0.3571428571428571,Hard
housing,2,5.89e-05,7,0.2916666666666666,Medium
humans,2,4.07e-05,6,0.2113092463092463,Easy
humility,4,3.89e-06,8,0.3235294117647058,Medium
hundreds,2,4.07e-05,8,0.25,Medium
hunt,1,3.09e-05,4,0.1153846153846153,Easy
hurries,2,2.82e-07,7,0.23391812865497075,Easy
husband,2,0.0001,7,0.2833333333333333,Medium
husbandry,3,8.51e-07,9,0.53125,Hard
hybrid,2,1.29e-05,6,0.1666666666666666,Easy
hybridization,5,6.61e-07,13,0.5077083333333333,Hard
hypertension,4,2.57e-06,12,0.4285714285714286,Hard
hypocrisy,4,4.47e-06,9,0.3166666666666666,Medium
hypotheses,4,1.58e-06,10,0.2980006105006105,Medium
hypothesis,4,7.41e-06,10,0.3162745098039216,Medium
hyssop,2,9.33e-08,6,0.6470588235294118,Hard
idea,2,0.000229,4,0.17822420634920633,Easy
ideas,2,6.92e-05,5,0.2249999999999999,Easy
identifiers,4,8.51e-07,11,0.32319078947368424,Medium
identity,4,4.47e-05,8,0.2386363636363636,Easy
ideology,4,1.05e-05,8,0.35,Hard
idols,2,3.09e-06,5,0.23529411764705882,Easy
ignorance,4,1.1e-05,9,0.1964285714285714,Easy
images,3,5.62e-05,6,0.18432662538699685,Easy
immigration,4,2.95e-05,11,0.255030959752322,Medium
imminence,4,6.17e-08,9,0.3947368421052631,Hard
immobility,5,2.24e-07,10,0.4166666666666666,Hard
immorality,5,7.08e-07,10,0.3333333333333333,Medium
immunity,4,8.13e-06,8,0.3152173913043478,Medium
impact,2,8.32e-05,6,0.21006069094304386,Easy
impairment,3,3.55e-06,10,0.2875,Medium
impetus,3,1.86e-06,7,0.5,Hard
implantation,4,1.02e-06,12,0.34226190476190477,Medium
implants,2,3.16e-06,8,0.3035714285714286,Medium
importance,4,3.63e-05,10,0.1706022408963585,Easy
importation,4,1.12e-06,11,0.375,Hard
importer,3,1.2e-06,8,0.2894736842105263,Medium
importers,3,8.91e-07,9,0.2763157894736842,Medium
impression,3,2.24e-05,10,0.19582043343653244,Easy
improvements,4,1.86e-05,12,0.2368421052631579,Easy
impunity,4,1.51e-06,8,0.4765625,Hard
inaccuracy,5,5.89e-07,10,0.3,Medium
inbreeding,3,5.75e-07,10,0.375,Hard
incense,3,1.86e-06,7,0.29596970367094205,Medium
incentives,4,7.59e-06,10,0.2421875,Easy
incidence,4,4.37e-06,9,0.335546398046398,Medium
incident,3,3.47e-05,8,0.2375,Easy
inclusions,3,7.94e-07,10,0.4375,Hard
income,3,9.33e-05,6,0.2142857142857143,Easy
incomes,3,4.79e-06,7,0.203125,Easy
incomprehensible,6,1.48e-06,16,0.4499999999999999,Hard
incorporation,5,2.51e-06,13,0.2857142857142857,Medium
increase,3,0.00012,8,0.18802633232780286,Easy
indebtedness,4,5.75e-07,12,0.4705882352941176,Hard
indent,2,2.75e-07,6,0.44642857142857145,Hard
indication,4,1.15e-05,10,0.275,Medium
indications,4,3.98e-06,11,0.21875,Easy
indicators,4,6.76e-06,10,0.25,Medium
indignation,4,1.2e-06,11,0.4414961636828645,Hard
individual,4,0.0001,10,0.2,Easy
individuals,4,6.46e-05,11,0.23483455882352938,Easy
indulgence,4,1.55e-06,10,0.34375,Medium
industries,3,2.63e-05,10,0.2833333333333333,Medium
infant,2,9.77e-06,6,0.25,Medium
infarction,3,6.92e-07,10,0.475,Hard
infirmity,4,2.09e-07,9,0.484375,Hard
inflammation,4,5.37e-06,12,0.31527777777777777,Medium
influence,3,6.03e-05,9,0.19112200435729845,Easy
influences,3,1.12e-05,10,0.2249999999999999,Easy
infringement,4,4.07e-06,12,0.3986344537815126,Hard
ingredients,3,1.38e-05,11,0.275,Medium
inhabitant,4,5.75e-07,10,0.24069264069264068,Easy
inhabitants,4,1.17e-05,11,0.3478070175438596,Hard
inheritance,5,6.31e-06,11,0.2836048454469507,Medium
inhibition,4,2.45e-06,10,0.365625,Hard
inhibitors,4,2.63e-06,10,0.36383928571428575,Hard
iniquities,4,2.04e-07,10,0.4709692028985507,Hard
iniquity,4,5.25e-07,8,0.4780451127819549,Hard
initiation,4,3.31e-06,10,0.2,Easy
initiatives,5,1.05e-05,11,0.31254639001349527,Medium
injuries,3,2.75e-05,8,0.2647058823529411,Medium
injury,3,5.5e-05,6,0.2644607843137255,Medium
innards,2,3.47e-07,7,0.3611111111111111,Hard
innovation,4,2.09e-05,10,0.369047619047619,Hard
inputs,2,4.27e-06,6,0.4375,Hard
inscription,3,3.47e-06,11,0.275,Medium
insertion,3,2.29e-06,9,0.34077380952380953,Medium
insider,3,5.89e-06,7,0.2638888888888888,Medium
insight,2,1.55e-05,7,0.256578947368421,Medium
insistence,4,2.75e-06,10,0.3833333333333333,Hard
instability,5,5.13e-06,11,0.35,Hard
instances,3,1.15e-05,9,0.25595238095238093,Medium
instigator,4,4.57e-07,10,0.2083333333333333,Easy
instigators,4,2.14e-07,11,0.4166666666666666,Hard
instructions,3,2.34e-05,12,0.22398190045248864,Easy
instrument,3,1.82e-05,10,0.2166666666666666,Easy
instruments,3,2.09e-05,11,0.22960096319229442,Easy
integration,4,1.66e-05,11,0.3548686974789916,Hard
integrity,4,1.66e-05,9,0.3,Medium
intent,2,1.91e-05,6,0.2884615384615384,Medium
intentions,3,1.29e-05,10,0.3,Medium
inter,2,1.45e-05,5,0.4605263157894737,Hard
interacting,4,4.57e-06,11,0.2833333333333333,Medium
interaction,4,1.95e-05,11,0.2888888888888889,Medium
interactions,4,1.45e-05,12,0.2530841503267974,Medium
intercession,4,5.75e-07,12,0.37058080808080807,Hard
interest,3,0.000148,8,0.23582282913165264,Easy
interests,3,4.57e-05,9,0.12403846153846149,Easy
interphase,4,8.91e-08,10,0.6547619047619048,Hard
interplay,3,1.41e-06,9,0.3833333333333333,Hard
interpreters,4,1.23e-06,12,0.2962962962962963,Medium
interval,3,5.89e-06,8,0.30208333333333326,Medium
interventions,4,5.5e-06,13,0.3375042999656003,Medium
intestines,4,1.66e-06,10,0.35,Hard
intimidation,5,2.45e-06,12,0.2777777777777778,Medium
intolerance,5,2.88e-06,11,0.21938025210084033,Easy
invertebrates,5,9.12e-07,13,0.34404761904761905,Medium
investigation,5,5.62e-05,13,0.1940045248868778,Easy
investment,3,6.92e-05,10,0.3235294117647058,Medium
invitation,4,1.38e-05,10,0.2105263157894736,Easy
involvement,4,2e-05,11,0.24360994397759103,Easy
ions,1,3.31e-06,4,0.4270833333333333,Hard
iron,2,5.5e-05,4,0.09999999999999994,Easy
isolation,4,1.05e-05,9,0.2941176470588235,Medium
issuance,3,2.19e-06,8,0.37714460784313725,Hard
issue,2,0.00017,5,0.22932330827067665,Easy
issues,2,0.000155,6,0.226359710550887,Easy
item,2,3.72e-05,4,0.22886904761904758,Easy
jackals,2,4.07e-07,7,0.3,Medium
jealousy,3,5.5e-06,8,0.17174369747899154,Easy
jewel,2,4.79e-06,5,0.15,Easy
job,1,0.000316,3,0.1833333333333333,Easy
jobs,1,9.55e-05,4,0.1428571428571428,Easy
joints,1,6.61e-06,6,0.19444444444444445,Easy
journalist,3,2.4e-05,10,0.1388888888888889,Easy
journey,2,4.47e-05,7,0.24553571428571425,Medium
joy,1,3.55e-05,3,0.19510095704948643,Easy
judges,2,2.63e-05,6,0.20246848739495799,Easy
judgment,2,1.91e-05,8,0.2138772175536881,Easy
judgments,2,3.24e-06,9,0.2941176470588235,Medium
junction,2,8.71e-06,8,0.32552083333333326,Medium
jurisdictions,4,3.98e-06,13,0.3392857142857143,Medium
jurisprudence,5,1.38e-06,13,0.671875,Hard
katydid,3,4.37e-08,7,0.5657894736842105,Hard
keenness,2,1.51e-07,8,0.4861111111111111,Hard
keeper,2,1.05e-05,6,0.2941176470588235,Medium
keepers,2,2.88e-06,7,0.2619047619047618,Medium
ketone,3,4.37e-07,6,0.6388888888888888,Hard
kg,1,1.2e-05,2,0.3194444444444444,Medium
kidney,2,1.07e-05,6,0.23415183178534565,Easy
kidneys,2,3.09e-06,7,0.0499999999999999,Easy
kilometre,4,1.62e-06,9,0.3289473684210526,Medium
kind,1,0.000282,4,0.2333333333333333,Easy
kindness,2,1e-05,8,0.18721997300944665,Easy
kindnesses,3,8.71e-08,10,0.2531318082788671,Medium
kinds,1,3.24e-05,5,0.1578947368421052,Easy
kingdoms,2,3.55e-06,8,0.24455337690631807,Easy
kings,1,2.57e-05,5,0.17137719521620448,Easy
kinsman,2,4.79e-07,7,0.3319444444444444,Medium
kneading,2,3.02e-07,8,0.3157894736842105,Medium
knee,1,2.14e-05,4,0.27205882352941174,Medium
knees,1,1.51e-05,5,0.0,Easy
knowledge,3,9.12e-05,9,0.22936507936507938,Easy
lab,1,2.63e-05,3,0.2788461538461538,Medium
labor,2,5.89e-05,5,0.19791666666666666,Easy
laboratories,5,5.25e-06,12,0.3166666666666666,Medium
laboratory,5,2.04e-05,10,0.3229166666666666,Medium
labour,2,5.01e-05,6,0.175,Easy
labourers,3,1.55e-06,9,0.2166666666666666,Easy
lack,1,8.32e-05,4,0.1425396825396825,Easy
lady,2,8.91e-05,4,0.2321428571428571,Easy
lambs,1,1.7e-06,5,0.0999999999999999,Easy
lamentation,4,2.45e-07,11,0.4523809523809524,Hard
lamination,4,2.14e-07,10,0.5479910714285714,Hard
lamp,1,1.12e-05,4,0.2631578947368421,Medium
lamps,1,5.37e-06,5,0.1964285714285714,Easy
land,1,0.000166,4,0.08987103174603174,Easy
landmines,3,3.72e-07,9,0.234375,Easy
lands,1,2.34e-05,5,0.24330357142857142,Easy
language,3,0.000126,8,0.22934173669467783,Easy
languages,3,2.63e-05,9,0.2425986842105263,Easy
lattice,3,2.29e-06,7,0.4583333333333333,Hard
laughter,2,1.26e-05,8,0.1875,Easy
launderer,3,7.94e-08,9,0.30625,Medium
law,1,0.000288,3,0.2278810663021189,Easy
laws,1,7.76e-05,4,0.13055555555555554,Easy
layer,2,2.51e-05,5,0.2205882352941176,Easy
layers,2,1.48e-05,6,0.2517361111111111,Medium
lead,1,0.000158,4,0.075,Easy
leaders,2,6.46e-05,7,0.125,Easy
learning,2,8.32e-05,8,0.23893812070282655,Easy
ledges,2,5.25e-07,6,0.28125,Medium
lees,1,1.1e-06,4,0.575,Hard
legislation,4,3.55e-05,11,0.3088235294117647,Medium
legislator,4,1.58e-06,10,0.359375,Hard
legs,1,4.68e-05,4,0.1388888888888889,Easy
lender,2,4.37e-06,6,0.3,Medium
length,1,5.89e-05,6,0.3166666666666666,Medium
lens,1,1.48e-05,4,0.16805555555555554,Easy
lenses,2,5.89e-06,6,0.2708333333333333,Medium
leopard,2,3.89e-06,7,0.1527777777777778,Easy
leprosy,3,1e-06,7,0.4027777777777778,Hard
lesions,2,2.69e-06,7,0.4166666666666666,Hard
lethality,4,3.31e-07,9,0.3499355005159958,Hard
lethargy,3,4.9e-07,8,0.5,Hard
letter,2,8.91e-05,6,0.2058823529411764,Easy
leukaemia,3,5.75e-07,9,0.421875,Hard
level,2,0.000257,5,0.1957236842105263,Easy
lewdness,2,1.29e-07,8,0.4006782581453634,Hard
liar,1,1.05e-05,4,0.2763157894736842,Medium
liberty,3,2.19e-05,7,0.1785714285714285,Easy
library,3,7.24e-05,7,0.31875000000000003,Medium
licences,3,2.14e-06,8,0.3088235294117647,Medium
lies,1,5.37e-05,4,0.1890625,Easy
life,2,0.000776,4,0.16200910931174087,Easy
ligament,3,2.19e-06,8,0.4666666666666667,Hard
light,1,0.000214,5,0.1492067736185383,Easy
lightning,2,1.66e-05,9,0.3,Medium
limb,1,5.01e-06,4,0.21671052631578944,Easy
limbs,1,5.5e-06,5,0.2333333333333333,Easy
limitations,4,1.12e-05,11,0.2333333333333333,Easy
line,2,0.000309,4,0.2795864661654135,Medium
lineage,3,2.88e-06,7,0.428125,Hard
lines,2,8.91e-05,5,0.2821367521367521,Medium
link,1,9.77e-05,4,0.171875,Easy
linkage,3,1.38e-06,7,0.43187499999999995,Hard
links,1,5.25e-05,5,0.3,Medium
lions,1,1.51e-05,5,0.22619047619047614,Easy
lipid,2,1.95e-06,5,0.46754973370927316,Hard
lipids,2,8.91e-07,6,0.4642857142857143,Hard
lips,1,2.24e-05,4,0.22184095860566447,Easy
list,1,0.000191,4,0.2624999999999999,Medium
literature,5,4.17e-05,10,0.2222222222222222,Easy
litters,2,4.57e-07,7,0.125,Easy
livelihoods,4,1.12e-06,11,0.15625,Easy
liver,2,1.51e-05,5,0.24587445175438594,Medium
livers,2,6.03e-07,6,0.18676470588235283,Easy
lives,2,0.000138,5,0.14454334365325072,Easy
livestock,3,6.76e-06,9,0.1785714285714285,Easy
living,2,0.0002,6,0.23214285714285715,Easy
load,1,3.8e-05,4,0.4499999999999999,Hard
loan,1,4.79e-05,4,0.2,Easy
lobes,2,1.38e-06,5,0.3333333333333333,Medium
location,3,7.24e-05,8,0.24378654970760225,Easy
loci,2,6.17e-07,4,0.5841776315789474,Hard
locomotives,5,1.91e-06,11,0.3333333333333333,Medium
locus,2,1.51e-06,5,0.5691964285714286,Hard
locust,2,1e-06,6,0.26641414141414144,Medium
lodging,2,2.75e-06,7,0.23749999999999993,Easy
logarithm,3,3.31e-07,9,0.6029411764705882,Hard
looks,1,0.000229,5,0.125,Easy
loop,1,1.95e-05,4,0.2669836956521739,Medium
loops,1,4.47e-06,5,0.26973684210526316,Medium
lorries,2,6.92e-07,7,0.390625,Hard
loss,1,0.000117,4,0.22937500000000002,Easy
losses,2,2.82e-05,6,0.2352941176470588,Easy
lot,1,0.000407,3,0.2794117647058823,Medium
loudness,2,4.79e-07,8,0.1666666666666666,Easy
love,2,0.000661,4,0.25,Medium
lumen,2,1.23e-06,5,0.625,Hard
lung,1,1.26e-05,4,0.21816059757236222,Easy
lungs,1,9.33e-06,5,0.1804563492063492,Easy
lusts,1,3.09e-07,5,0.3549107142857143,Hard
lymphocyte,4,3.02e-07,10,0.640625,Hard
lymphocytes,4,6.76e-07,11,0.5697032436162871,Hard
lyre,2,4.07e-07,4,0.41682469040247677,Hard
mm,1,4.47e-05,2,0.6000816993464052,Hard
machine,3,7.94e-05,7,0.175,Easy
machinery,4,1.05e-05,9,0.2636554621848739,Medium
madman,2,1.66e-06,6,0.3666666666666667,Hard
magician,3,3.39e-06,8,0.2361111111111111,Easy
magistrates,4,3.39e-06,11,0.44122023809523814,Hard
maintenance,4,3.55e-05,11,0.26364889705882355,Medium
maize,2,2.19e-06,5,0.39010416666666664,Hard
majesty,3,1.12e-05,7,0.225,Easy
majority,4,8.71e-05,8,0.21457807414463756,Easy
makes,2,0.000288,5,0.1875,Easy
makeup,2,2.45e-05,6,0.3295454545454546,Medium
malaise,3,6.92e-07,7,0.4464285714285714,Hard
male,2,7.76e-05,4,0.18198529411764705,Easy
mammals,2,5.01e-06,7,0.359375,Hard
mammon,2,2e-07,6,0.578125,Hard
management,4,0.000135,10,0.30002656096763647,Medium
mandate,3,9.33e-06,7,0.36904761904761896,Hard
mandates,3,2.45e-06,8,0.3196594427244581,Medium
manifestations,5,1.66e-06,14,0.4375,Hard
manifestos,4,3.39e-07,10,0.475,Hard
manipulations,5,6.76e-07,13,0.4203125,Hard
mankind,2,7.59e-06,7,0.2883928571428571,Medium
manner,2,3.55e-05,6,0.2881944444444444,Medium
manoeuvring,4,3.47e-07,11,0.5535714285714286,Hard
manufacturing,5,3.63e-05,13,0.2205882352941176,Easy
manuscript,3,8.32e-06,10,0.2902455413897061,Medium
maps,1,2.63e-05,4,0.2321428571428571,Easy
marble,2,9.12e-06,6,0.25,Medium
margin,2,1.86e-05,6,0.3392857142857143,Medium
margins,2,6.92e-06,7,0.2763157894736842,Medium
mark,1,0.000112,4,0.3230134158926728,Medium
marker,2,7.41e-06,6,0.302536231884058,Medium
markers,2,5.25e-06,7,0.2321428571428571,Easy
marketplaces,4,7.41e-07,12,0.19082633053221282,Easy
markets,2,4.07e-05,7,0.203125,Easy
marks,1,3.09e-05,5,0.3283492822966507,Medium
marrow,2,3.39e-06,6,0.2916666666666666,Medium
marsupials,3,2.14e-07,10,0.3249999999999999,Medium
masons,2,1.07e-06,6,0.3125,Medium
mast,1,3.31e-06,4,0.4305555555555556,Hard
master,2,8.51e-05,6,0.1776315789473684,Easy
materials,3,6.03e-05,9,0.2666666666666667,Medium
matrix,2,1.17e-05,6,0.5041666666666667,Hard
matter,2,0.00024,6,0.21970238095238095,Easy
matters,2,5.25e-05,7,0.2131127450980392,Easy
maturation,4,9.77e-07,10,0.3976429738562091,Hard
maxima,3,9.33e-07,6,0.609375,Hard
maximum,3,3.98e-05,7,0.14338235294117646,Easy
maze,2,4.47e-06,4,0.2083333333333333,Easy
means,1,0.000275,5,0.19948717948717945,Easy
meantime,3,1.1e-05,8,0.2205882352941176,Easy
measure,3,4.47e-05,7,0.3055555555555556,Medium
measures,3,4.68e-05,8,0.25873538011695907,Medium
mechanism,3,1.86e-05,9,0.2644047619047619,Medium
mechanisms,3,1.07e-05,10,0.32182005494505495,Medium
medium,2,4.07e-05,6,0.35,Hard
meeting,2,0.000141,7,0.19270833333333331,Easy
meetings,2,3.02e-05,8,0.24543650793650787,Medium
melanin,3,6.76e-07,7,0.484375,Hard
membrane,3,6.61e-06,8,0.30971147230822155,Medium
membranes,3,2.04e-06,9,0.394890873015873,Hard
memory,3,6.46e-05,6,0.24412505623031935,Easy
men,1,0.000324,3,0.17893907563025208,Easy
merchandise,4,8.51e-06,11,0.25,Medium
merchant,2,1.2e-05,8,0.5131578947368421,Hard
merchants,2,7.08e-06,9,0.35,Hard
mercies,2,4.68e-07,7,0.36211214310285517,Hard
mercy,2,1.78e-05,5,0.2770402001380262,Medium
messenger,3,8.91e-06,9,0.2777777777777778,Medium
messengers,3,1.38e-06,10,0.2549763832658569,Medium
metabolism,4,6.03e-06,10,0.3484375,Hard
metabolites,5,1.2e-06,11,0.5383403361344538,Hard
metal,2,6.61e-05,5,0.1964285714285714,Easy
method,2,6.31e-05,6,0.2551527419948472,Medium
methodology,5,6.61e-06,11,0.34375,Medium
methods,2,4.79e-05,7,0.2053571428571428,Easy
microscopy,4,1.82e-06,10,0.49748106060606057,Hard
middle,2,0.000151,6,0.19943240454076364,Easy
midst,1,7.76e-06,5,0.3429144385026738,Medium
migrants,2,7.94e-06,8,0.2870334537323701,Medium
migration,3,1.38e-05,9,0.2819272445820433,Medium
militias,3,1.58e-06,8,0.3970588235294118,Hard
milk,1,4.57e-05,4,0.1388888888888889,Easy
millions,2,4.37e-05,8,0.140625,Easy
mind,1,0.000257,4,0.175,Easy
mine,2,0.00011,4,0.1973684210526315,Easy
minorities,4,9.33e-06,10,0.24835526315789475,Medium
minority,4,2.57e-05,8,0.25,Medium
minstrels,2,2.82e-07,9,0.4642857142857143,Hard
mint,1,8.32e-06,4,0.2236842105263157,Easy
minus,2,1e-05,5,0.2236842105263157,Easy
mire,2,5.5e-07,4,0.5694444444444444,Hard
misappropriation,5,3.98e-07,16,0.4333333333333333,Hard
misdeeds,2,6.31e-07,8,0.368421052631579,Hard
misgivings,3,7.94e-07,10,0.4,Hard
missions,2,1.58e-05,8,0.34375,Medium
mitochondria,4,1.23e-06,12,0.75,Hard
mitosis,3,4.17e-07,7,0.4605263157894737,Hard
mixtures,3,1.23e-06,8,0.2666666666666667,Medium
mo,1,2.4e-05,2,0.3980514705882353,Hard
mocker,2,4.37e-08,6,0.3409090909090909,Medium
model,2,0.000135,5,0.27106227106227104,Medium
modeling,3,8.71e-06,8,0.3571428571428571,Hard
models,2,5.5e-05,6,0.22590277777777773,Easy
modernity,4,1.78e-06,9,0.4117647058823529,Hard
modification,5,5.89e-06,12,0.30718355718355717,Medium
modifications,5,6.61e-06,13,0.22639318885448914,Easy
modifying,3,2.45e-06,9,0.3119747899159664,Medium
modulation,4,1.95e-06,10,0.48463585434173667,Hard
modules,3,5.01e-06,7,0.2941176470588235,Medium
molecules,4,8.32e-06,9,0.3176857585139319,Medium
moment,2,0.000174,6,0.15,Easy
mon,1,7.24e-06,3,0.5657894736842105,Hard
monasteries,4,1.35e-06,11,0.3676470588235294,Hard
money,2,0.000437,5,0.25,Medium
monitoring,4,2.19e-05,10,0.25,Medium
monopolies,4,1.26e-06,10,0.3823529411764705,Hard
monster,2,3.09e-05,7,0.2205882352941176,Easy
month,1,0.000178,5,0.19651029748283744,Easy
months,1,0.000224,6,0.21406249999999993,Easy
moon,1,5.01e-05,4,0.1850877192982456,Easy
moratorium,4,1.2e-06,10,0.4166666666666666,Hard
morbidity,4,8.91e-07,9,0.4751984126984127,Hard
morning,2,0.000214,7,0.275,Medium
morphology,4,2.57e-06,10,0.5636904761904762,Hard
morsels,2,2.34e-07,7,0.3529411764705882,Hard
mortality,4,7.94e-06,9,0.265625,Medium
motif,2,2.51e-06,5,0.6517857142857143,Hard
motifs,2,1.82e-06,6,0.5190378289473684,Hard
motility,4,4.68e-07,8,0.6946428571428571,Hard
motions,2,3.55e-06,7,0.3306159420289855,Medium
motor,2,3.39e-05,5,0.28477328431372545,Medium
mountain,2,5.37e-05,8,0.1493464052287581,Easy
mountains,2,3.16e-05,9,0.21249284897025172,Easy
mourning,2,4.9e-06,8,0.33055555555555555,Medium
mouth,1,6.76e-05,5,0.1712990196078431,Easy
mouths,1,5.25e-06,6,0.1764705882352941,Easy
movement,3,9.33e-05,8,0.21924019607843134,Easy
mules,2,1.29e-06,5,0.2941176470588235,Medium
multinationals,5,5.62e-07,14,0.4523809523809523,Hard
multiplicity,5,6.31e-07,12,0.5714285714285714,Hard
multitude,4,3.89e-06,9,0.3293290043290043,Medium
multitudes,4,5.01e-07,10,0.30207602339181283,Medium
murmurings,3,7.59e-08,10,0.4442401960784314,Hard
muscle,2,2.75e-05,6,0.24635212418300653,Medium
muscles,2,1.38e-05,7,0.175,Easy
mustard,2,4.9e-06,7,0.25,Medium
mutants,2,2.63e-06,7,0.3871527777777778,Hard
mutation,3,4.37e-06,8,0.3895373774509804,Hard
mutuality,4,1.35e-07,9,0.4875,Hard
myrrh,1,3.63e-07,5,0.40015479876160986,Hard
nails,1,1.1e-05,5,0.2530570652173913,Medium
nakedness,3,3.63e-07,9,0.296078431372549,Medium
name,2,0.000407,4,0.11910364145658262,Easy
names,2,8.13e-05,5,0.23908780903665808,Easy
nationalism,4,6.76e-06,11,0.27738095238095234,Medium
nationals,3,8.13e-06,9,0.2941176470588235,Medium
nature,3,9.55e-05,6,0.22883711243117935,Easy
naughtiness,3,1.32e-07,11,0.4,Hard
necessity,4,8.13e-06,9,0.3055555555555556,Medium
necromancer,4,4.07e-07,11,0.3888888888888888,Hard
negotiations,4,1.62e-05,12,0.20907738095238096,Easy
negotiators,4,9.33e-07,11,0.2083333333333333,Easy
neighbor,2,1.29e-05,8,0.2763157894736842,Medium
neighbors,2,1.74e-05,9,0.25,Medium
neighbouring,3,5.89e-06,12,0.2333333333333333,Easy
neighbours,2,7.41e-06,10,0.140625,Easy
neocortex,3,1.66e-07,9,0.5493055555555555,Hard
neonate,3,9.33e-08,7,0.532608695652174,Hard
neonates,3,1.91e-07,8,0.6309523809523809,Hard
nerve,2,1.55e-05,5,0.2833333333333333,Medium
nest,1,1.17e-05,4,0.3,Medium
net,1,5.75e-05,3,0.1184210526315789,Easy
network,2,0.000105,7,0.3157894736842105,Medium
networks,2,2.82e-05,8,0.2867647058823529,Medium
neuron,2,1.45e-06,6,0.39549666020254254,Hard
neurons,2,5.13e-06,7,0.37080882352941175,Hard
neuropathy,4,6.76e-07,10,0.5535714285714286,Hard
neurosurgery,5,6.92e-07,12,0.3166666666666666,Medium
neutrality,4,4.68e-06,10,0.3,Medium
neutralization,5,2.4e-07,14,0.3928571428571429,Hard
newsletter,3,5.75e-06,10,0.2058823529411764,Easy
nickel,2,6.61e-06,6,0.1948717948717948,Easy
night,1,0.000407,5,0.15493697478991597,Easy
nights,1,2.95e-05,6,0.0499999999999999,Easy
nobles,2,2.51e-06,6,0.2141148325358851,Easy
node,2,7.59e-06,4,0.3088235294117647,Medium
nominations,4,6.61e-06,11,0.3214285714285714,Medium
none,2,8.51e-05,4,0.1892361111111111,Easy
noonday,2,1.41e-07,7,0.375,Hard
norm,1,8.51e-06,4,0.2833333333333333,Medium
north,1,0.000219,5,0.1477941176470588,Easy
nostrum,2,2.04e-07,7,0.5666666666666667,Hard
note,2,0.00011,4,0.21601307189542482,Easy
nothing,2,0.000355,7,0.07962962962962956,Easy
notification,5,8.32e-06,12,0.3650735294117647,Hard
notion,2,1.48e-05,6,0.31232492997198874,Medium
nucleus,2,3.89e-06,7,0.32303046218487397,Medium
number,2,0.000417,6,0.17563140806561856,Easy
numbering,3,1.86e-06,9,0.3888888888888888,Hard
numbers,2,9.55e-05,7,0.16511179792429787,Easy
nursing,2,2.09e-05,7,0.265625,Medium
nutrient,2,3.24e-06,8,0.2954545454545454,Medium
obesity,4,6.46e-06,7,0.2577484472049689,Medium
objection,3,5.89e-06,9,0.1875,Easy
objections,3,4.9e-06,10,0.28125,Medium
objectives,4,1.2e-05,10,0.2805451127819548,Medium
obligations,4,9.77e-06,11,0.328125,Medium
observance,4,1.35e-06,10,0.27083333333333337,Medium
observations,4,1.05e-05,12,0.20981609791352437,Easy
observers,3,5.89e-06,9,0.1785714285714285,Easy
obstacle,3,5.25e-06,8,0.2166666666666666,Easy
obstacles,3,7.59e-06,9,0.25,Medium
occasion,3,2.4e-05,8,0.2656862745098039,Medium
occasions,3,1.82e-05,9,0.23281249999999995,Easy
occlusion,3,5.62e-07,9,0.49432011935208864,Hard
occupation,4,1.58e-05,10,0.1764705882352941,Easy
odds,1,1.91e-05,4,0.075,Easy
offence,3,9.12e-06,7,0.1538461538461538,Easy
offences,3,4.47e-06,8,0.2857142857142857,Medium
offense,3,1.82e-05,7,0.359375,Hard
offerings,3,6.61e-06,9,0.2,Easy
office,3,0.000251,6,0.171875,Easy
officers,3,7.41e-05,8,0.23032407407407407,Easy
offices,3,3.02e-05,7,0.1666666666666666,Easy
officials,3,4.79e-05,9,0.2222222222222222,Easy
offspring,2,5.89e-06,9,0.175,Easy
oligarchy,4,7.08e-07,9,0.4264705882352941,Hard
omer,2,7.41e-07,4,0.4852941176470589,Hard
ones,2,0.000117,4,0.20833333333333331,Easy
online,3,0.000155,6,0.1071428571428571,Easy
onset,2,5.25e-06,5,0.32109375,Medium
onwards,2,4.07e-06,7,0.25,Medium
operating,4,5.62e-05,9,0.328125,Medium
operation,4,8.32e-05,9,0.25,Medium
operations,4,7.41e-05,10,0.1875,Easy
opinion,3,8.71e-05,7,0.20677361853832435,Easy
opportunity,5,8.91e-05,11,0.25019230769230766,Medium
opposition,4,3.72e-05,10,0.1805555555555555,Easy
oracle,3,5.01e-06,6,0.375,Hard
order,2,0.000309,5,0.17109243697478987,Easy
orders,2,5.37e-05,6,0.2352941176470588,Easy
ordinances,4,1.38e-06,10,0.4110644257703081,Hard
organ,2,1.38e-05,5,0.1861025111799105,Easy
organisation,5,2.29e-05,12,0.2666666666666667,Medium
organisations,5,1.45e-05,13,0.325,Medium
organism,3,3.89e-06,8,0.3235294117647058,Medium
organisms,3,6.31e-06,9,0.25703125,Medium
organization,5,8.32e-05,12,0.27329233409610987,Medium
organs,2,1e-05,6,0.2300869360902255,Easy
origin,3,3.55e-05,6,0.23473856209150323,Easy
osteoporosis,5,9.77e-07,12,0.7142857142857143,Hard
ostriches,3,2.69e-07,9,0.25,Medium
outbreak,2,9.77e-06,8,0.3773809523809524,Hard
outbreaks,2,2.24e-06,9,0.2678571428571429,Medium
outcomes,3,1.26e-05,8,0.2352941176470588,Easy
outermost,3,5.01e-07,9,0.3026556776556777,Medium
output,2,2.69e-05,6,0.2785714285714286,Medium
outset,2,2.75e-06,6,0.3235294117647058,Medium
ovary,3,8.71e-07,5,0.35,Hard
oven,2,1.12e-05,4,0.1875,Easy
overbooking,4,4.79e-08,11,0.3375,Medium
overfishing,4,3.55e-07,11,0.34375,Medium
overlay,3,1.74e-06,7,0.23749999999999993,Easy
overproduction,5,2.4e-07,14,0.33333333333333326,Medium
overseer,3,8.51e-07,8,0.28177083333333336,Medium
overseers,3,3.98e-07,9,0.3297619047619047,Medium
overthrew,3,7.59e-07,9,0.2321428571428571,Easy
ovulation,4,9.55e-07,9,0.25,Medium
ox,1,2.95e-06,2,0.109375,Easy
oxen,2,7.94e-07,4,0.3611111111111111,Hard
oxidants,3,1.78e-07,8,0.46875,Hard
oxide,3,4.57e-06,5,0.546875,Hard
oxygen,3,1.78e-05,6,0.2166666666666666,Easy
oxygenation,5,3.02e-07,11,0.3833333333333333,Hard
ph,1,9.33e-06,2,0.5277777777777778,Hard
package,3,2.88e-05,7,0.1973684210526315,Easy
paedophiles,4,3.31e-07,11,0.6805555555555556,Hard
page,2,0.000132,4,0.3,Medium
pains,1,6.92e-06,5,0.2205882352941176,Easy
pairing,2,3.98e-06,7,0.3026315789473685,Medium
pairs,1,1.29e-05,5,0.20121381886087764,Easy
palace,3,2.82e-05,6,0.1911764705882352,Easy
palm,1,1.7e-05,4,0.16349206349206347,Easy
panel,2,3.55e-05,5,0.26436668417366943,Medium
paper,2,0.000117,5,0.1912908496732026,Easy
papyrus,3,7.94e-07,7,0.4,Hard
parable,3,1.26e-06,7,0.4473684210526315,Hard
parables,3,4.68e-07,8,0.36749550157444894,Hard
paradigm,3,4.07e-06,8,0.369047619047619,Hard
paradigms,3,8.32e-07,9,0.45,Hard
paragraph,3,1.07e-05,9,0.2361111111111111,Easy
parameter,4,3.72e-06,9,0.3536764705882352,Hard
pardon,2,6.61e-06,6,0.2941176470588235,Medium
parents,2,0.000162,7,0.078125,Easy
parity,3,2.57e-06,6,0.4852941176470589,Hard
parliaments,3,1.29e-06,11,0.3427840909090909,Medium
part,1,0.000603,4,0.18756127450980387,Easy
partiality,4,2.29e-07,10,0.38823529411764707,Hard
participation,5,2.14e-05,13,0.2352941176470588,Easy
particles,3,1.2e-05,9,0.3295454545454546,Medium
parties,2,7.76e-05,7,0.20669934640522872,Easy
partner,2,6.92e-05,7,0.19355158730158725,Easy
parts,1,0.000117,5,0.1125,Easy
passes,2,2.82e-05,6,0.3676470588235294,Hard
pastors,2,2.14e-06,7,0.2916666666666666,Medium
pasture,3,2.29e-06,7,0.275,Medium
path,1,5.13e-05,4,0.1964285714285714,Easy
pathologies,4,3.16e-07,11,0.5,Hard
paths,1,1.05e-05,5,0.2205882352941176,Easy
pathways,2,4.37e-06,8,0.32228668261563,Medium
patience,3,1.58e-05,8,0.2,Easy
patient,2,5.89e-05,7,0.16875,Easy
patients,2,8.13e-05,8,0.21930044593088072,Easy
pattern,2,3.63e-05,7,0.2563467492260062,Medium
patterning,3,5.5e-07,10,0.3036887254901961,Medium
patterns,2,2.57e-05,8,0.1993504901960784,Easy
paucity,3,4.07e-07,7,0.625,Hard
pay,1,0.000251,3,0.0666666666666666,Easy
payment,2,4.57e-05,7,0.2916666666666666,Medium
peace,2,0.000105,5,0.18910818713450292,Easy
peacekeeping,4,1.41e-06,12,0.2947916666666666,Medium
peak,1,3.39e-05,4,0.1833333333333333,Easy
pearls,1,3.47e-06,6,0.2205882352941176,Easy
peat,1,2e-06,4,0.4821428571428571,Hard
pedigrees,3,2.14e-07,9,0.3125,Medium
pellets,2,1.82e-06,7,0.2125,Easy
penalty,3,2.82e-05,7,0.1805555555555555,Easy
pension,2,1.66e-05,7,0.3392857142857143,Medium
pensioners,3,1.48e-06,10,0.3382352941176471,Medium
pensions,2,6.31e-06,8,0.3088235294117647,Medium
peoples,2,1.82e-05,7,0.24122807017543854,Easy
peptide,3,2e-06,7,0.5755213708290334,Hard
peptides,3,1.41e-06,8,0.484375,Hard
percent,2,0.00011,7,0.2894736842105263,Medium
percentage,4,3.02e-05,10,0.15,Easy
percentages,4,2.57e-06,11,0.2638888888888888,Medium
perception,3,1.51e-05,10,0.0999999999999999,Easy
perfection,3,9.77e-06,10,0.2361111111111111,Easy
performance,4,0.000145,11,0.13988095238095236,Easy
period,2,0.000162,6,0.1111111111111111,Easy
periphery,4,2e-06,9,0.46792763157894735,Hard
person,2,0.000355,6,0.19293478260869565,Easy
personality,5,3.55e-05,11,0.2321428571428571,Easy
personnel,3,3.63e-05,9,0.16029411764705875,Easy
perspective,4,3.63e-05,11,0.15,Easy
perturbation,4,4.57e-07,12,0.5392055860805861,Hard
perverseness,4,1.95e-08,12,0.4059290382819794,Hard
pestilence,4,6.03e-07,10,0.5155075187969925,Hard
pestle,2,3.47e-07,6,0.4499999999999999,Hard
petition,3,2e-05,8,0.35,Hard
petitioners,4,6.61e-07,11,0.31736111111111115,Medium
phagocytes,4,6.61e-08,10,0.6428571428571429,Hard
pharyngeal,3,2.19e-07,10,0.6399456521739131,Hard
phase,2,4.37e-05,5,0.2666666666666667,Medium
phases,2,6.76e-06,6,0.28877005347593576,Medium
phosphatase,4,3.98e-07,11,0.7574074074074074,Hard
phrases,2,7.76e-06,7,0.4117647058823529,Hard
physiology,4,4.07e-06,10,0.3,Medium
picks,1,1.74e-05,5,0.2941176470588235,Medium
piece,2,0.00011,5,0.25,Medium
pieces,2,5.25e-05,6,0.20061566293183936,Easy
pigmentation,4,7.41e-07,12,0.265625,Medium
pigs,1,9.77e-06,4,0.2058823529411764,Easy
pile,2,1.38e-05,4,0.2,Easy
pillars,2,4.17e-06,7,0.3,Medium
pineal,2,3.16e-07,6,0.5686011904761905,Hard
pinnacle,3,2.82e-06,8,0.3249999999999999,Medium
pipe,2,1.78e-05,4,0.171875,Easy
piracy,3,3.31e-06,6,0.28137254901960784,Medium
pit,1,1.86e-05,3,0.2514619883040935,Medium
pits,1,5.25e-06,4,0.2083333333333333,Easy
pity,2,9.55e-06,4,0.2222222222222222,Easy
placards,2,4.68e-07,8,0.40885416666666663,Hard
place,2,0.000513,5,0.18037330316742078,Easy
places,2,0.000107,6,0.20733173076923075,Easy
placing,2,1.48e-05,7,0.1785714285714285,Easy
plain,1,2.69e-05,5,0.2666666666666667,Medium
planning,2,7.94e-05,8,0.15,Easy
plant,1,7.76e-05,5,0.2563787185354691,Medium
plants,1,5.13e-05,6,0.2023809523809523,Easy
plasma,2,8.91e-06,6,0.36199034883245407,Hard
plasticity,4,9.12e-07,10,0.5077546296296296,Hard
platelet,3,7.94e-07,8,0.44438244047619047,Hard
platitudes,4,5.37e-07,10,0.5576923076923077,Hard
play,1,0.000407,4,0.1738721804511278,Easy
player,2,0.000155,6,0.2125,Easy
players,2,0.0002,7,0.2205882352941176,Easy
plea,1,8.91e-06,4,0.3636363636363636,Hard
pleads,1,1.45e-06,6,0.2249999999999999,Easy
pleas,1,3.24e-06,5,0.25,Medium
pleasure,3,3.72e-05,8,0.20203818369453042,Easy
pledge,2,1e-05,6,0.2321428571428571,Easy
pledges,2,2.45e-06,7,0.3529411764705882,Hard
plenary,3,1.26e-06,7,0.5369969040247677,Hard
plowmen,2,0.0,7,0.4722222222222222,Hard
plug,1,1.38e-05,4,0.1875,Easy
plumage,3,8.71e-07,7,0.5263157894736842,Hard
point,1,0.000347,5,0.2170375386996904,Easy
points,1,0.00017,6,0.2077554179566563,Easy
poison,2,1.2e-05,6,0.1964285714285714,Easy
polarity,4,1.15e-06,8,0.46966911764705876,Hard
polarization,5,1.82e-06,12,0.46875,Hard
policies,3,5.13e-05,8,0.22916666666666663,Easy
politicians,4,3.47e-05,11,0.23606811145510836,Easy
politics,3,7.41e-05,8,0.1538461538461538,Easy
pollutants,3,1.95e-06,10,0.25,Medium
pollution,3,1.58e-05,9,0.1964285714285714,Easy
poly,2,4.37e-06,4,0.453125,Hard
polygamy,4,1.17e-06,8,0.3095238095238095,Medium
polyps,2,5.13e-07,6,0.3823529411764705,Hard
population,4,0.000102,10,0.25234242881301705,Medium
populations,4,1.55e-05,11,0.2575109649122807,Medium
porch,1,7.08e-06,5,0.2833333333333333,Medium
porches,2,5.5e-07,7,0.3392857142857143,Medium
pore,2,1.91e-06,4,0.3289473684210526,Medium
porters,2,8.51e-07,7,0.4473684210526315,Hard
portion,2,3.39e-05,7,0.26160714285714287,Medium
position,3,0.000162,8,0.1569444444444444,Easy
positions,3,4.27e-05,9,0.1764705882352941,Easy
positives,4,2.4e-06,9,0.21944444444444444,Easy
possession,3,2.4e-05,10,0.2668067226890756,Medium
possibilities,5,1.29e-05,13,0.1710526315789473,Easy
pot,1,2.51e-05,3,0.2916666666666666,Medium
potential,3,0.000102,9,0.24358974358974356,Easy
potters,2,7.08e-07,7,0.4125,Hard
poultry,2,3.47e-06,7,0.2,Easy
poverty,3,2.88e-05,7,0.2102941176470588,Easy
power,2,0.000331,5,0.15632586367880483,Easy
powerlessness,4,3.39e-07,13,0.3095238095238095,Medium
practices,3,3.55e-05,9,0.25,Medium
praise,2,2.04e-05,6,0.2619395711500974,Medium
pray,1,2.51e-05,4,0.125,Easy
precedence,4,2.14e-06,10,0.4305555555555556,Hard
precepts,2,6.76e-07,8,0.5475917735515259,Hard
precursor,3,2.75e-06,9,0.38390756302521006,Hard
precursors,3,1.1e-06,10,0.4665322580645161,Hard
predictability,6,7.08e-07,14,0.39338235294117646,Hard
prediction,3,9.12e-06,10,0.2391304347826087,Easy
predisposition,5,6.61e-07,14,0.4499999999999999,Hard
preeminence,4,1.32e-07,11,0.5,Hard
pregnancy,3,2.14e-05,9,0.20852826510721245,Easy
preoccupation,4,7.41e-07,13,0.4605263157894737,Hard
preparedness,4,2.09e-06,12,0.37499999999999994,Hard
presence,3,5.37e-05,8,0.20752890899949722,Easy
presentation,4,2.04e-05,12,0.24040247678018575,Easy
press,1,0.000145,5,0.2666666666666667,Medium
pressure,3,0.000102,8,0.2660183066361556,Medium
prey,1,9.55e-06,4,0.25,Medium
prices,2,7.59e-05,6,0.12549857549857543,Easy
priest,1,2.14e-05,6,0.18324929971988793,Easy
priesthood,2,2e-06,10,0.3676470588235294,Hard
priests,1,1.02e-05,7,0.240625,Easy
primers,2,6.31e-07,7,0.3517857142857143,Hard
prince,2,5.25e-05,6,0.19479166666666664,Easy
princes,2,4.9e-06,7,0.17875816993464047,Easy
principal,3,3.31e-05,9,0.25,Medium
principles,3,2.63e-05,10,0.25706845238095233,Medium
priorities,3,1.15e-05,10,0.2375,Easy
prisoners,3,2.34e-05,9,0.2352941176470588,Easy
privatization,5,1.86e-06,13,0.3552631578947368,Hard
privilege,4,1.58e-05,9,0.2321428571428571,Easy
probability,5,1.05e-05,11,0.1111111111111111,Easy
probes,2,2.69e-06,6,0.4642857142857143,Hard
problem,2,0.000251,7,0.28125,Medium
problems,2,0.000155,8,0.18988878446115284,Easy
procedures,4,2.29e-05,10,0.28482142857142856,Medium
process,2,0.000182,7,0.18317616959064326,Easy
processes,3,2.88e-05,9,0.2125,Easy
processing,3,2.88e-05,10,0.237623054029304,Easy
produce,3,6.03e-05,7,0.2352941176470588,Easy
production,3,0.000138,10,0.26007460440316477,Medium
products,2,0.00011,8,0.1728553921568627,Easy
professionalism,5,2.51e-06,15,0.2777777777777778,Medium
professions,3,3.39e-06,11,0.3194444444444444,Medium
profitability,6,3.16e-06,13,0.27499999999999997,Medium
progenitor,4,6.92e-07,10,0.6245535714285715,Hard
progenitors,4,3.31e-07,11,0.5,Hard
programmes,3,1.17e-05,10,0.295547385620915,Medium
programs,2,7.94e-05,8,0.2870535714285714,Medium
progress,2,6.03e-05,8,0.231218825249398,Easy
progression,3,7.94e-06,11,0.27281746031746035,Medium
project,2,0.000166,7,0.18172268907563022,Easy
projects,2,6.46e-05,8,0.2261904761904761,Easy
proliferation,5,4.07e-06,13,0.46020891690009336,Hard
prominence,4,3.47e-06,10,0.5,Hard
promise,3,5.13e-05,7,0.15982142857142853,Easy
promoter,3,3.63e-06,8,0.403921568627451,Hard
promoters,3,2.29e-06,9,0.1964285714285714,Easy
properties,3,4.47e-05,10,0.265625,Medium
property,3,0.000129,8,0.2877574370709382,Medium
prophecy,3,5.13e-06,8,0.359375,Hard
prophesies,3,1.66e-07,10,0.3,Medium
prophet,2,9.55e-06,7,0.2740925536881419,Medium
prophetess,3,1.41e-07,10,0.47302631578947363,Hard
proportion,3,1.29e-05,10,0.1964285714285714,Easy
proposal,3,2.95e-05,8,0.2595238095238095,Medium
proposals,3,1.58e-05,9,0.22797619047619047,Easy
propriety,3,6.17e-07,9,0.328125,Medium
prosecutions,4,1.78e-06,12,0.3235294117647058,Medium
prospects,2,1.17e-05,9,0.25,Medium
prosperity,4,8.13e-06,10,0.37395833333333334,Hard
prostitute,4,3.8e-06,10,0.16542658730158727,Easy
protein,2,3.39e-05,7,0.2387704248366013,Easy
providers,3,1.35e-05,9,0.2763157894736842,Medium
provinces,3,1.07e-05,9,0.3392857142857143,Medium
provisions,3,1.32e-05,10,0.35625,Hard
proviso,3,4.37e-07,7,0.5666666666666667,Hard
proxies,2,1.2e-06,7,0.4047619047619047,Hard
puberty,3,2.95e-06,7,0.15,Easy
pups,1,2.09e-06,4,0.3,Medium
purpose,3,7.59e-05,7,0.171875,Easy
pursuers,2,3.55e-07,8,0.3191176470588235,Medium
quails,2,1.86e-07,6,0.4558823529411765,Hard
quaking,2,2.69e-07,7,0.4736842105263158,Hard
qualification,5,7.59e-06,13,0.2051470588235294,Easy
qualities,3,1.15e-05,9,0.1785714285714285,Easy
quality,3,0.000129,7,0.21875,Easy
questions,2,0.000141,9,0.20236897390535158,Easy
queues,3,1.62e-06,6,0.3125,Medium
quorum,2,1.17e-06,6,0.5074074074074074,Hard
quotas,2,2.14e-06,6,0.28079044117647056,Medium
radiation,3,1.86e-05,9,0.2624999999999999,Medium
radicals,3,3.16e-06,8,0.5273809523809523,Hard
raft,1,2.88e-06,4,0.4499999999999999,Hard
rafts,1,7.59e-07,5,0.44669117647058826,Hard
rage,2,1.29e-05,4,0.2142857142857143,Easy
railway,2,2.88e-05,7,0.1166666666666666,Easy
railways,2,7.08e-06,8,0.3088235294117647,Medium
rainfall,2,6.61e-06,8,0.2624999999999999,Medium
raison,2,4.9e-07,6,0.4375,Hard
ram,1,1.55e-05,3,0.250272331154684,Medium
rams,1,5.5e-06,4,0.26388888888888884,Medium
range,2,0.000132,5,0.22292106586224225,Easy
ranks,1,1.7e-05,5,0.2083333333333333,Easy
rapprochement,4,4.17e-07,13,0.5,Hard
rat,1,1.48e-05,3,0.2615384615384615,Medium
rate,2,0.000138,4,0.20570795625942678,Easy
rates,2,7.59e-05,5,0.14813725490196078,Easy
ratification,5,1.38e-06,12,0.4532802287581699,Hard
rationale,4,3.39e-06,9,0.27704326923076916,Medium
rationality,5,1.26e-06,11,0.3249999999999999,Medium
ravages,3,5.75e-07,7,0.33012820512820507,Medium
ravens,2,4.57e-06,6,0.3571428571428571,Hard
razor,2,5.25e-06,5,0.17443977591036405,Easy
reabsorption,3,1.05e-07,12,0.5647058823529412,Hard
reaction,2,5.37e-05,8,0.39010416666666664,Hard
reactors,2,3.31e-06,8,0.2083333333333333,Easy
read,1,0.000347,4,0.0499999999999999,Easy
reading,2,0.000138,7,0.20751633986928103,Easy
reagents,2,7.24e-07,8,0.40069444444444446,Hard
realisation,4,1.58e-06,11,0.35637254901960785,Hard
reality,3,7.76e-05,7,0.265625,Medium
realization,4,5.25e-06,11,0.1617647058823529,Easy
reallocation,4,2e-07,12,0.4705882352941176,Hard
reapers,2,4.27e-07,7,0.28125,Medium
reason,2,0.000209,6,0.2212192056309703,Easy
reasons,2,8.51e-05,7,0.15297772617819053,Easy
rebellion,3,8.71e-06,9,0.2777777777777778,Medium
rebels,2,1.17e-05,6,0.3088235294117647,Medium
rebuke,3,1.26e-06,6,0.37749693627450975,Hard
recast,2,8.71e-07,6,0.39241486068111453,Hard
receptor,3,6.17e-06,8,0.3610498366013072,Hard
receptors,3,4.47e-06,9,0.36208513708513707,Hard
reciprocity,5,1.1e-06,11,0.42794117647058827,Hard
recognition,4,2.95e-05,11,0.23590686274509806,Easy
recombine,4,1.17e-07,9,0.4852941176470589,Hard
recommendation,5,1.23e-05,14,0.19027777777777777,Easy
recommendations,5,1.95e-05,15,0.1805555555555555,Easy
reconsideration,6,4.47e-07,15,0.2815972222222222,Medium
record,2,0.000162,6,0.2015625,Easy
recoveries,4,1.2e-06,10,0.3289473684210526,Medium
redistribution,5,1.86e-06,14,0.34756652661064424,Hard
reduction,3,2.45e-05,9,0.25944852941176466,Medium
reductions,3,4.27e-06,10,0.21875,Easy
redundancies,4,4.47e-07,12,0.39166666666666666,Hard
reel,1,4.79e-06,4,0.4166666666666666,Hard
reflection,3,1.48e-05,10,0.3553571428571428,Hard
reform,2,3.39e-05,6,0.375,Hard
reformation,4,3.39e-06,11,0.5,Hard
refuge,3,8.13e-06,6,0.24788925438596493,Medium
refuse,3,2.45e-05,6,0.2166666666666666,Easy
regard,2,2.29e-05,6,0.30676062091503264,Medium
regime,3,2e-05,6,0.35,Hard
regions,2,3.39e-05,7,0.2181038324420677,Easy
register,3,3.89e-05,8,0.3,Medium
regret,2,2.34e-05,6,0.171875,Easy
reign,1,1.17e-05,5,0.33333333333333326,Medium
reimbursement,4,2.24e-06,13,0.4166666666666666,Hard
reintroduction,4,5.13e-07,14,0.43703703703703695,Hard
rejection,3,7.94e-06,9,0.25,Medium
rejoices,3,3.16e-07,8,0.2833333333333333,Medium
relation,3,2.04e-05,8,0.2464548319327731,Medium
relations,3,4.68e-05,9,0.22222222222222218,Easy
relationship,4,0.000141,12,0.2242591773551526,Easy
relationships,4,4.79e-05,13,0.0833333333333333,Easy
relatives,4,1.58e-05,9,0.203125,Easy
reliant,2,2.57e-06,7,0.2166666666666666,Easy
religion,3,5.5e-05,8,0.2205882352941176,Easy
relocation,4,3.72e-06,10,0.3333333333333333,Medium
remarks,2,1.45e-05,7,0.17777777777777773,Easy
remembrance,4,4.07e-06,11,0.3,Medium
reminder,3,1.32e-05,8,0.21527777777777773,Easy
remit,2,1.23e-06,5,0.3928571428571429,Hard
remnant,2,2e-06,7,0.36102430555555554,Hard
remodeling,4,1.45e-06,10,0.3465530303030303,Medium
remodelling,4,3.72e-07,11,0.2794117647058823,Medium
renegotiation,5,4.27e-07,13,0.34803921568627444,Hard
repair,2,2.57e-05,6,0.20383928571428567,Easy
repayment,3,2.75e-06,9,0.25,Medium
repertoire,4,2.69e-06,10,0.5166666666666667,Hard
replacement,4,2.75e-05,11,0.27422723475355054,Medium
replication,4,2.63e-06,11,0.3247665732959851,Medium
reply,2,3.16e-05,5,0.16388888888888886,Easy
reporter,3,2.24e-05,8,0.3195833333333333,Medium
reports,2,7.94e-05,7,0.24342650103519667,Easy
representations,5,4.68e-06,15,0.29760061919504643,Medium
representatives,6,3.31e-05,15,0.22777777777777772,Easy
reprocessing,4,4.07e-07,12,0.3571428571428571,Hard
republics,3,2.09e-06,9,0.2361111111111111,Easy
requests,2,1.91e-05,8,0.2352941176470588,Easy
requirement,4,1.82e-05,11,0.14522058823529407,Easy
requirements,4,4.37e-05,12,0.2698412698412699,Medium
rescue,2,3.02e-05,6,0.2777777777777778,Medium
resemblance,4,3.89e-06,11,0.3166666666666666,Medium
residence,4,2.29e-05,9,0.328125,Medium
residue,3,3.39e-06,7,0.24975633528265107,Medium
residues,3,1.78e-06,8,0.3529411764705882,Hard
resistance,4,3.55e-05,10,0.2824135146049266,Medium
resolution,4,3.89e-05,10,0.32915032679738554,Medium
resolutions,4,5.01e-06,11,0.28317460317460313,Medium
resources,3,8.13e-05,9,0.23837719298245616,Easy
respect,2,0.000107,7,0.21087128879892036,Easy
respects,2,7.94e-06,8,0.2249999999999999,Easy
response,3,0.000107,8,0.22872957516339865,Easy
responses,3,1.95e-05,9,0.2327380952380952,Easy
responsibility,6,5.62e-05,14,0.24444444444444444,Easy
rest,1,0.00017,4,0.14603174603174596,Easy
restitution,4,1.55e-06,11,0.3809523809523809,Hard
restorer,3,2.88e-07,8,0.421875,Hard
restraint,2,4.37e-06,9,0.2763157894736842,Medium
restriction,3,5.75e-06,11,0.2739651416122004,Medium
restrictions,3,2.04e-05,12,0.2249999999999999,Easy
result,2,0.000151,6,0.21547619047619043,Easy
resurrection,4,5.75e-06,12,0.2205882352941176,Easy
retardation,4,7.76e-07,11,0.3204365079365079,Medium
retention,3,6.46e-06,9,0.40625,Hard
reticulum,4,3.24e-07,9,0.5641417572463768,Hard
retina,3,2.51e-06,6,0.35176003734827266,Hard
retinas,3,2.19e-07,7,0.25,Medium
reunification,5,1.23e-06,13,0.4166666666666666,Hard
reversal,3,3.63e-06,8,0.39926470588235285,Hard
review,2,0.000132,6,0.21767001114827197,Easy
revolutions,4,2.4e-06,11,0.25,Medium
reward,2,2.14e-05,6,0.14181286549707597,Easy
rhythms,1,2.75e-06,7,0.1785714285714285,Easy
ribbon,2,6.46e-06,6,0.3,Medium
riches,2,3.72e-06,6,0.22576252723311543,Easy
righteousness,4,3.02e-06,13,0.2555555555555556,Medium
rigour,2,4.68e-07,6,0.4705882352941176,Hard
rings,1,2.14e-05,5,0.2083333333333333,Easy
riot,1,1.23e-05,4,0.21875,Easy
rise,2,6.46e-05,4,0.25381944444444443,Medium
risk,1,0.000112,4,0.22749396135265698,Easy
risks,1,2.24e-05,5,0.203125,Easy
road,1,0.000174,4,0.24851190476190477,Medium
roads,1,3.55e-05,5,0.1666666666666666,Easy
roar,1,5.01e-06,4,0.4807692307692307,Hard
roast,1,7.41e-06,5,0.2307692307692307,Easy
rock,1,0.000107,4,0.2158496732026143,Easy
rods,1,3.89e-06,4,0.35272331154684095,Hard
role,2,0.000145,4,0.15445261437908495,Easy
roles,2,2.75e-05,5,0.255392156862745,Medium
room,1,0.000245,4,0.19785575048732942,Easy
root,1,2.57e-05,4,0.2753267973856208,Medium
roots,1,2.19e-05,5,0.24910714285714286,Medium
ropes,2,4.57e-06,5,0.21875,Easy
rottenness,3,4.9e-08,10,0.336111111111111,Medium
rounds,1,2e-05,6,0.25,Medium
row,1,3.98e-05,3,0.1764705882352941,Easy
ruins,1,1.05e-05,5,0.21875,Easy
rulers,2,5.01e-06,6,0.25315126050420167,Medium
ruling,2,1.95e-05,6,0.24402573529411759,Easy
rulings,2,2.45e-06,7,0.3249999999999999,Medium
rum,1,4.27e-06,3,0.2875,Medium
running,2,0.00017,7,0.3214285714285714,Medium
saccharin,3,1.1e-07,9,0.5,Hard
sachet,2,1.62e-07,6,0.5,Hard
sack,1,8.13e-06,4,0.25,Medium
sackcloth,2,1.29e-07,9,0.4504359451290398,Hard
sacks,1,3.89e-06,5,0.25,Medium
sacraments,3,8.51e-07,10,0.4107142857142857,Hard
safeguards,3,2.4e-06,10,0.3524305555555556,Hard
saffron,2,1.62e-06,7,0.3472222222222222,Medium
sail,1,1.02e-05,4,0.1428571428571428,Easy
saint,1,2.57e-05,5,0.28125,Medium
saints,1,1.45e-05,6,0.22205882352941175,Easy
sales,2,0.000105,5,0.1527777777777778,Easy
salt,1,3.98e-05,4,0.234375,Easy
salvation,3,8.91e-06,9,0.25331957344341244,Medium
samples,2,2.19e-05,7,0.296875,Medium
sanctuaries,3,7.76e-07,11,0.3,Medium
sanctuary,3,8.51e-06,9,0.2935185185185185,Medium
sand,1,2.75e-05,4,0.2105263157894736,Easy
sashes,2,3.16e-07,6,0.3472222222222222,Medium
savings,2,2.75e-05,7,0.2666666666666667,Medium
scale,2,6.76e-05,5,0.2727272727272727,Medium
scales,2,9.55e-06,6,0.3235294117647058,Medium
scam,1,8.71e-06,4,0.1842105263157895,Easy
scatters,2,2.69e-07,8,0.3529411764705882,Hard
scepter,2,5.37e-07,7,0.25,Medium
scheme,2,3.72e-05,6,0.328125,Medium
schemes,2,1.07e-05,7,0.3214285714285714,Medium
school,1,0.000513,6,0.2916666666666666,Medium
sclerosis,3,2e-06,9,0.5367063492063492,Hard
scoffing,2,2.63e-07,8,0.40625,Hard
scope,2,1.82e-05,5,0.3194444444444444,Medium
scopes,2,7.59e-07,6,0.4107142857142857,Hard
scorpions,2,1e-06,9,0.2368421052631579,Easy
scourge,2,1.55e-06,7,0.5416666666666666,Hard
scourges,2,1.12e-07,8,0.375,Hard
screen,1,7.08e-05,6,0.359375,Hard
screening,2,1.41e-05,9,0.3333333333333333,Medium
screenings,2,2.29e-06,10,0.2941176470588235,Medium
scribe,2,1.2e-06,6,0.35866792929292923,Hard
scribes,2,7.76e-07,7,0.4450960735171261,Hard
scroll,1,7.24e-06,6,0.2631578947368421,Medium
seal,1,2e-05,4,0.24166666666666664,Easy
search,1,9.12e-05,6,0.2173611111111111,Easy
seas,1,8.51e-06,4,0.1982142857142857,Easy
seashore,3,8.32e-07,8,0.2361111111111111,Easy
season,2,0.000302,6,0.5,Hard
seasons,2,3.31e-05,7,0.1323529411764705,Easy
seats,1,3.39e-05,5,0.21875,Easy
secretion,3,1.29e-06,9,0.398235294117647,Hard
sections,2,2.29e-05,8,0.2619047619047618,Medium
sector,2,4.57e-05,6,0.29820261437908496,Medium
sectors,2,1.17e-05,7,0.18749999999999994,Easy
seed,1,2.34e-05,4,0.24243360805860803,Easy
seekers,2,4.17e-06,7,0.29975328947368424,Medium
seer,1,1.02e-06,4,0.4499999999999999,Hard
seers,1,2.63e-07,5,0.3970588235294118,Hard
segment,2,1.82e-05,7,0.32842255210676263,Medium
segments,2,9.55e-06,8,0.27626050420168063,Medium
selection,3,4.17e-05,9,0.24476307189542484,Easy
sense,2,0.000155,5,0.2763157894736842,Medium
sensitivities,5,8.51e-07,13,0.369047619047619,Hard
sensitivity,5,8.91e-06,11,0.2894736842105263,Medium
separation,4,1.35e-05,10,0.2941176470588235,Medium
septum,2,7.94e-07,6,0.5357142857142857,Hard
sequelae,3,1.05e-07,8,0.75,Hard
sequences,3,7.08e-06,9,0.3059895833333333,Medium
series,2,0.000224,6,0.1964285714285714,Easy
seriousness,4,3.63e-06,11,0.2794117647058823,Medium
servant,2,1.23e-05,7,0.246875,Medium
servants,2,1.07e-05,8,0.17579656862745097,Easy
service,3,0.000309,7,0.1666666666666666,Easy
session,2,5.25e-05,7,0.2019005847953216,Easy
set,1,0.000389,3,0.1767613636363636,Easy
seventies,3,1.86e-06,9,0.275,Medium
severity,4,5.13e-06,8,0.2974861739567622,Medium
sex,1,0.000166,3,0.1907488390092879,Easy
sexes,2,2.69e-06,5,0.2833333333333333,Medium
shadow,2,2.75e-05,6,0.3194444444444444,Medium
shame,2,3.55e-05,5,0.1964285714285714,Easy
shape,2,5.25e-05,5,0.20418584825234437,Easy
share,2,0.000158,5,0.1911764705882352,Easy
sheaf,1,3.98e-07,5,0.6578947368421053,Hard
sheaves,2,2.69e-07,7,0.5686141304347826,Hard
shekels,2,3.39e-07,7,0.5528186274509804,Hard
shepherd,2,7.94e-06,8,0.27124183006535946,Medium
shepherds,2,1.66e-06,9,0.2563951545530493,Medium
shield,1,2e-05,6,0.2050245098039216,Easy
shift,1,3.72e-05,5,0.2058823529411764,Easy
ship,1,8.51e-05,4,0.24305555555555555,Easy
shipbuilding,3,2.14e-06,12,0.2633272058823529,Medium
shipyards,2,9.12e-07,9,0.25,Medium
shirt,1,4.27e-05,5,0.125,Easy
shock,1,2.88e-05,5,0.2678571428571429,Medium
shortcomings,3,2.82e-06,12,0.34375,Medium
shortfall,2,1.05e-06,9,0.4605263157894737,Hard
shot,1,0.000166,4,0.359375,Hard
shoulder,2,3.16e-05,8,0.2333333333333333,Easy
shoulders,2,1.51e-05,9,0.25,Medium
shout,1,1.15e-05,5,0.20024671052631576,Easy
show,1,0.000479,4,0.21875,Easy
showers,2,7.76e-06,7,0.1607142857142857,Easy
shuttles,2,8.32e-07,8,0.4333333333333333,Hard
sickle,2,1.41e-06,6,0.2916666666666666,Medium
sicknesses,3,1.35e-07,10,0.2261904761904761,Easy
side,2,0.000316,4,0.1310049019607843,Easy
sight,1,3.47e-05,5,0.2403081232492997,Easy
sign,1,0.00012,4,0.11530448717948716,Easy
signal,2,4.17e-05,6,0.2808333333333333,Medium
signaling,3,4.47e-06,9,0.36408902691511386,Hard
signalling,3,2.57e-06,10,0.40183423913043476,Hard
signatories,4,1e-06,11,0.43472222222222223,Hard
signatures,4,5.62e-06,10,0.2205882352941176,Easy
signet,2,4.68e-07,6,0.4979140866873065,Hard
significance,5,1.51e-05,12,0.2833333333333333,Medium
signs,1,5.13e-05,5,0.23288690476190477,Easy
silence,3,2.88e-05,7,0.24861111111111106,Medium
silencing,3,1.2e-06,9,0.37098769796380093,Hard
silver,2,6.46e-05,6,0.16124032507739935,Easy
similarity,5,3.8e-06,10,0.34375,Medium
simplicity,4,5.89e-06,10,0.2738095238095238,Medium
sin,1,2.34e-05,3,0.1708284852402499,Easy
sincerity,4,2.19e-06,9,0.2647058823529411,Medium
singing,2,3.89e-05,7,0.2105263157894736,Easy
singleness,3,1.62e-07,10,0.425,Hard
singleton,3,1.41e-06,9,0.5625,Hard
sinner,2,2.45e-06,6,0.1428571428571428,Easy
sins,1,1.1e-05,4,0.2393762183235867,Easy
sister,2,8.91e-05,6,0.1666666666666666,Easy
site,2,0.000166,4,0.2150845410628019,Easy
sites,2,5.5e-05,5,0.1714285714285714,Easy
siting,2,4.79e-07,6,0.4166666666666666,Hard
sittings,2,3.47e-07,8,0.30290441176470584,Medium
situations,3,2.95e-05,10,0.1971177944862155,Easy
sixteenth,2,2.4e-06,9,0.075,Easy
size,2,0.000135,4,0.15160714285714288,Easy
skeleton,3,6.31e-06,8,0.2833333333333333,Medium
skewing,2,2.4e-07,7,0.4475490196078431,Hard
ski,1,1.35e-05,3,0.2941176470588235,Medium
skin,1,8.13e-05,4,0.16222222222222218,Easy
sky,1,5.25e-05,3,0.17659313725490194,Easy
slanderers,3,4.17e-08,10,0.3863636363636363,Hard
slanders,2,2.09e-07,8,0.3571428571428571,Hard
slaughter,2,6.92e-06,9,0.2595863526570048,Medium
slowness,2,4.17e-07,8,0.3035714285714286,Medium
sludge,2,1.7e-06,6,0.3833333333333333,Hard
smell,1,3.09e-05,5,0.25,Medium
smoke,2,4.68e-05,5,0.2330505751558383,Easy
smokers,2,3.31e-06,7,0.1923076923076923,Easy
snares,2,4.68e-07,6,0.3640350877192982,Hard
societies,3,1.2e-05,9,0.28125,Medium
society,3,0.000148,7,0.2553418803418803,Medium
sockets,2,1.58e-06,7,0.3529411764705882,Hard
sodomites,4,9.33e-08,9,0.6160714285714286,Hard
soil,1,2.63e-05,4,0.2794117647058823,Medium
solution,3,6.92e-05,8,0.2229166666666666,Easy
solutions,3,3.16e-05,9,0.24285714285714285,Easy
soma,2,1.62e-06,4,0.5875,Hard
sons,1,3.16e-05,4,0.13721478174603172,Easy
soothsayers,3,6.31e-08,11,0.5278985507246376,Hard
sorrow,2,5.37e-06,6,0.21901260504201675,Easy
sort,1,0.0001,4,0.25,Medium
soul,1,6.46e-05,4,0.31470588235294117,Medium
sound,1,0.000141,5,0.17038690476190477,Easy
soundings,2,2.09e-07,9,0.5,Hard
soundness,2,3.63e-07,9,0.3260869565217391,Medium
source,2,0.000141,6,0.2990196078431372,Medium
southward,2,1.17e-06,9,0.275,Medium
sovereignty,4,7.24e-06,11,0.4166666666666666,Hard
sower,2,1.48e-07,5,0.4833333333333333,Hard
sowing,2,1e-06,6,0.25,Medium
soya,2,5.5e-07,4,0.4523809523809523,Hard
space,2,0.00017,5,0.2794117647058823,Medium
span,1,1.17e-05,4,0.37,Hard
speaker,2,3.09e-05,7,0.175,Easy
speaking,2,8.13e-05,8,0.0999999999999999,Easy
spear,1,5.01e-06,5,0.296875,Medium
species,2,7.08e-05,7,0.22503968253968248,Easy
specification,5,5.62e-06,13,0.28289930555555554,Medium
specificity,5,1.66e-06,11,0.41064542483660127,Hard
speculations,4,9.33e-07,12,0.3970588235294118,Hard
speculators,4,8.71e-07,11,0.35,Hard
speech,1,7.08e-05,6,0.14670868347338933,Easy
speeches,2,8.51e-06,8,0.17946623093681913,Easy
speed,1,0.0001,5,0.1388888888888889,Easy
spermatozoa,4,1.35e-07,11,0.5979166666666667,Hard
spices,2,3.55e-06,6,0.1964285714285714,Easy
spindle,2,1.26e-06,7,0.42922794117647056,Hard
spirits,2,1.45e-05,7,0.24851190476190477,Medium
splendor,2,1.12e-06,8,0.4210526315789473,Hard
splice,2,7.41e-07,6,0.38988095238095233,Hard
splicing,2,7.24e-07,8,0.37850241545893715,Hard
spoil,1,6.46e-06,5,0.3079481792717087,Medium
spoilers,2,2.88e-06,8,0.3928571428571429,Hard
spread,1,6.46e-05,6,0.2058823529411764,Easy
springs,1,1.74e-05,7,0.2321428571428571,Easy
stabilisers,4,1.32e-07,11,0.49038461538461536,Hard
stabilization,5,2e-06,13,0.33333333333333326,Medium
stage,2,0.000126,5,0.21285256410256403,Easy
stages,2,2.69e-05,6,0.2333333333333333,Easy
staining,2,1.62e-06,8,0.3476470588235294,Hard
standard,2,0.000107,8,0.23928571428571424,Easy
standards,2,6.03e-05,9,0.19610760971055086,Easy
stars,1,7.24e-05,5,0.17857142857142855,Easy
start,1,0.000363,5,0.17533957932270286,Easy
state,2,0.000603,5,0.2504131652661064,Medium
statehood,3,1.2e-06,9,0.375,Hard
statements,3,3.24e-05,10,0.2098459383753501,Easy
statesman,3,2.88e-06,9,0.3214285714285714,Medium
statutes,3,3.16e-06,8,0.3535247432306255,Hard
stays,1,1.82e-05,5,0.4722222222222222,Hard
steadfastness,3,1.82e-07,13,0.3534722222222222,Hard
stem,1,2e-05,4,0.3392857142857143,Medium
step,1,0.000135,4,0.2334885620915032,Easy
steps,1,5.37e-05,5,0.20654662433155074,Easy
stereotyping,4,8.71e-07,12,0.40625,Hard
sterilisation,5,2.45e-07,13,0.4852941176470589,Hard
sterility,4,3.39e-07,9,0.525,Hard
stickers,2,4.9e-06,8,0.2666666666666667,Medium
stocks,1,1.91e-05,6,0.3823529411764705,Hard
stone,2,6.31e-05,5,0.2,Easy
stones,2,2.04e-05,6,0.21866471734892778,Easy
stoops,1,4.57e-07,6,0.28125,Medium
stop,1,0.000331,4,0.1875,Easy
stores,2,4.27e-05,6,0.3026315789473685,Medium
story,2,0.000282,5,0.3194444444444444,Medium
strain,1,1.41e-05,6,0.3132633053221288,Medium
strains,1,5.25e-06,7,0.2775715944272446,Medium
strand,1,4.79e-06,6,0.4027777777777778,Hard
stranger,2,1.91e-05,8,0.19409722222222223,Easy
strangers,2,1.38e-05,9,0.1323529411764705,Easy
stratum,2,4.68e-07,7,0.5384615384615384,Hard
streak,1,1.15e-05,6,0.3369565217391305,Medium
streams,1,1.32e-05,7,0.3375,Medium
street,1,0.000191,6,0.2222222222222222,Easy
streets,1,4.57e-05,7,0.15277777777777773,Easy
strength,1,6.31e-05,8,0.23611111111111108,Easy
strengthening,3,6.61e-06,13,0.3296875,Medium
stressors,2,6.92e-07,9,0.4204545454545454,Hard
stria,1,4.37e-08,5,0.6459296218487396,Hard
strike,2,4.57e-05,6,0.2638888888888888,Medium
stripes,2,5.75e-06,7,0.22743055555555555,Easy
strips,1,7.24e-06,6,0.21875,Easy
strom,1,4.17e-07,5,0.578125,Hard
stronghold,2,2.63e-06,10,0.33591503267973855,Medium
structure,3,6.92e-05,9,0.19285714285714287,Easy
structures,3,3.02e-05,10,0.3044117647058824,Medium
stubbornness,3,6.76e-07,12,0.35,Hard
study,2,0.000182,5,0.17803454715219416,Easy
subcommittee,4,2.88e-06,12,0.375,Hard
subjection,3,3.09e-07,10,0.4298214285714286,Hard
subjects,2,2.4e-05,8,0.1911764705882352,Easy
submarine,4,6.46e-06,9,0.2794117647058823,Medium
submission,3,1.17e-05,10,0.3676470588235294,Hard
submissions,3,5.13e-06,11,0.1666666666666666,Easy
subset,2,3.39e-06,6,0.36610644257703073,Hard
subsidiaries,4,3.8e-06,12,0.2352941176470588,Easy
subsidies,3,5.5e-06,9,0.35555555555555557,Hard
subsidy,3,3.63e-06,7,0.2666666666666667,Medium
subsistence,4,1.29e-06,11,0.40975447196422426,Hard
subspecies,3,8.91e-07,10,0.5,Hard
substances,3,8.51e-06,10,0.2692307692307693,Medium
substitutions,4,9.55e-07,13,0.3044117647058824,Medium
substrate,3,4.37e-06,9,0.5347140522875817,Hard
suburbs,2,9.12e-06,7,0.3,Medium
sufferers,3,1.62e-06,9,0.4210526315789473,Hard
suffrage,3,2.4e-06,8,0.421875,Hard
suggestion,3,1.7e-05,10,0.3,Medium
sulfur,2,2.69e-06,6,0.35,Hard
sum,1,2.19e-05,3,0.075,Easy
summaries,3,2.04e-06,9,0.28125,Medium
summary,3,2.34e-05,7,0.2666666666666667,Medium
summits,2,1.1e-06,7,0.4210526315789473,Hard
sunflower,3,2.29e-06,9,0.1911764705882352,Easy
supervisors,4,3.72e-06,11,0.22099673202614376,Easy
supper,2,5.5e-06,6,0.2916666666666666,Medium
supply,2,6.46e-05,6,0.1696428571428571,Easy
supporter,3,1.17e-05,9,0.1666666666666666,Easy
suppressor,3,8.71e-07,10,0.3875,Hard
surface,3,6.76e-05,7,0.2713068181818182,Medium
surgery,3,4.27e-05,7,0.075,Easy
surnames,3,7.76e-07,8,0.2857142857142857,Medium
survey,2,4.9e-05,6,0.2166666666666666,Easy
survival,3,2.34e-05,8,0.13946275946275943,Easy
susceptibility,6,1.26e-06,14,0.3429495614035088,Medium
suspension,3,1.74e-05,10,0.3235294117647058,Medium
sustainability,6,5.89e-06,14,0.3673173884938591,Hard
swift,1,1.41e-05,5,0.0999999999999999,Easy
swimming,2,2.69e-05,8,0.0499999999999999,Easy
switch,1,3.98e-05,6,0.1375,Easy
sword,1,2.34e-05,5,0.23851540616246494,Easy
sympathy,3,1.02e-05,8,0.3375,Medium
symptoms,2,3.02e-05,8,0.14687499999999995,Easy
synagogues,4,8.13e-07,10,0.40859943977591034,Hard
synapse,3,5.75e-07,7,0.5169270833333334,Hard
synapses,3,6.76e-07,8,0.481578947368421,Hard
syndromes,3,7.41e-07,9,0.37503052503052503,Hard
synthesis,3,6.92e-06,9,0.36259137426900584,Hard
system,2,0.000363,6,0.291875,Medium
systems,2,0.000117,7,0.1829365079365079,Easy
tabernacle,4,1.15e-06,10,0.48083347922502334,Hard
tag,1,2.75e-05,3,0.3782169117647059,Hard
tail,1,2.19e-05,4,0.1964285714285714,Easy
tails,1,4.79e-06,5,0.3478260869565217,Hard
talks,1,4.07e-05,5,0.1973684210526315,Easy
tambourines,4,8.13e-08,11,0.4117647058823529,Hard
tangles,2,4.07e-07,7,0.3529411764705882,Hard
tanner,2,3.63e-06,6,0.46875,Hard
target,2,6.61e-05,6,0.2291830065359477,Easy
targeting,3,9.77e-06,9,0.2361111111111111,Easy
targets,2,1.95e-05,7,0.2408110119047619,Easy
tariff,2,3.09e-06,6,0.2875,Medium
tariffs,2,4.27e-06,7,0.3333333333333333,Medium
task,1,4.47e-05,4,0.2332427536231884,Easy
tasks,1,1.7e-05,5,0.2166666666666666,Easy
taste,2,5.37e-05,5,0.2047275641025641,Easy
tax,1,0.000138,3,0.14558823529411755,Easy
taxation,3,6.46e-06,8,0.2631578947368421,Medium
teacher,2,7.59e-05,7,0.1911764705882352,Easy
teaching,2,5.25e-05,8,0.17762694821518346,Easy
team,1,0.000468,4,0.28125,Medium
technique,3,2.95e-05,9,0.3037925696594427,Medium
techniques,3,3.24e-05,10,0.15625,Easy
technology,4,0.000123,10,0.2647058823529411,Medium
teeth,1,3.8e-05,5,0.1607142857142857,Easy
telecommunications,7,6.76e-06,18,0.3026315789473685,Medium
telephone,4,2.57e-05,9,0.1166666666666666,Easy
televising,4,1.15e-07,10,0.275,Medium
tellers,2,6.03e-07,7,0.2763157894736842,Medium
temperature,5,4.37e-05,11,0.2624999999999999,Medium
temple,2,2.82e-05,6,0.27976190476190477,Medium
temples,2,5.01e-06,7,0.234375,Easy
temptation,3,5.25e-06,10,0.25,Medium
tens,1,7.76e-06,4,0.2058823529411764,Easy
tension,2,1.66e-05,7,0.2222222222222222,Easy
tensions,2,6.03e-06,8,0.359375,Hard
tenth,1,8.32e-06,5,0.1607142857142857,Easy
term,1,0.00017,4,0.1809523809523809,Easy
terms,1,0.000126,5,0.21732026143790847,Easy
territory,4,3.98e-05,9,0.251233552631579,Medium
terror,2,1.82e-05,6,0.28125,Medium
terrorism,3,1.74e-05,9,0.21089743589743584,Easy
test,1,0.000155,4,0.18820553221288513,Easy
testes,2,5.13e-07,6,0.359375,Hard
testimonies,4,1.41e-06,11,0.3267156862745098,Medium
testimony,4,1.48e-05,9,0.2321428571428571,Easy
testing,2,4.68e-05,7,0.15625,Easy
tetracycline,5,3.02e-07,12,0.615546218487395,Hard
text,1,0.000102,4,0.19686507936507933,Easy
textile,3,5.62e-06,7,0.25,Medium
textiles,3,3.09e-06,8,0.2977941176470588,Medium
thalamus,3,2.75e-07,8,0.6944444444444444,Hard
thalidomide,5,2.51e-07,11,0.6879595588235294,Hard
thanksgiving,3,1.1e-05,12,0.27426793085655315,Medium
thefts,1,8.71e-07,6,0.2,Easy
themes,2,1.55e-05,6,0.2205882352941176,Easy
theocracy,3,3.89e-07,9,0.5588235294117647,Hard
theory,2,7.59e-05,6,0.1944444444444444,Easy
therapies,3,3.09e-06,9,0.2794642857142857,Medium
therapy,3,3.31e-05,7,0.13928571428571418,Easy
thereabouts,3,4.47e-07,11,0.3666666666666667,Hard
thickness,2,5.62e-06,9,0.125,Easy
thief,1,7.59e-06,5,0.19431840170278636,Easy
thigh,1,5.37e-06,5,0.1911764705882352,Easy
thighs,1,4.68e-06,6,0.2894736842105263,Medium
things,1,0.00055,6,0.18756553903612727,Easy
thinkers,2,3.02e-06,8,0.2352941176470588,Easy
thirst,1,4.37e-06,6,0.16931818181818176,Easy
thirsts,1,8.71e-08,7,0.3333333333333333,Medium
thistles,2,2.69e-07,8,0.368421052631579,Hard
thorns,1,1.78e-06,6,0.15,Easy
thoughts,1,5.62e-05,8,0.22533643892339544,Easy
thousands,2,5.89e-05,9,0.16323529411764703,Easy
threat,1,3.98e-05,6,0.18990384615384615,Easy
threats,1,1.91e-05,7,0.2631578947368421,Medium
threshold,2,1.07e-05,9,0.3627232142857143,Hard
thrombosis,3,7.24e-07,10,0.4816468253968254,Hard
throne,2,1.29e-05,6,0.1630644319131161,Easy
thunders,2,3.8e-07,8,0.3578431372549019,Hard
thymus,2,3.8e-07,6,0.56768968456948,Hard
times,2,0.000363,5,0.20139802631578946,Easy
timing,2,1.95e-05,6,0.1833333333333333,Easy
tip,1,3.55e-05,3,0.2857142857142857,Medium
tissue,2,2.09e-05,6,0.21190476190476187,Easy
tissues,2,6.76e-06,7,0.401470588235294,Hard
tithes,2,4.37e-07,6,0.4615384615384615,Hard
tolerance,4,1.15e-05,9,0.1785714285714285,Easy
toll,1,1.2e-05,4,0.3636363636363636,Hard
tombs,1,2.19e-06,5,0.3289473684210526,Medium
tongue,2,2.34e-05,6,0.2374509803921568,Easy
tonne,2,1.62e-06,5,0.4027777777777778,Hard
tonnes,2,5.25e-06,6,0.34890350877192977,Hard
tool,1,3.63e-05,4,0.2488425925925926,Medium
tools,1,3.89e-05,5,0.18244485294117646,Easy
top,1,0.000372,3,0.1111111111111111,Easy
topaz,2,7.41e-07,5,0.3571428571428571,Hard
topic,2,3.09e-05,5,0.2857142857142857,Medium
topmost,2,2.82e-07,7,0.3888888888888888,Hard
tops,1,1.17e-05,4,0.328125,Medium
tormentors,3,1.82e-07,10,0.3289473684210526,Medium
total,2,0.000162,5,0.0499999999999999,Easy
totalitarianism,6,6.61e-07,15,0.5735294117647058,Hard
touch,1,8.13e-05,5,0.2352941176470588,Easy
touches,2,9.55e-06,7,0.2105263157894736,Easy
towel,2,8.71e-06,5,0.25,Medium
tower,2,3.16e-05,5,0.265625,Medium
towns,1,2.45e-05,5,0.3260869565217391,Medium
toxicity,4,3.8e-06,8,0.3125,Medium
tracheal,2,2e-07,8,0.4833333333333333,Hard
tract,1,5.13e-06,5,0.4375,Hard
tractors,2,2.04e-06,8,0.375,Hard
tradition,3,3.16e-05,9,0.115625,Easy
traffickers,3,1.02e-06,11,0.375,Hard
trafficking,3,7.94e-06,11,0.4047619047619047,Hard
trait,1,4.9e-06,5,0.2875,Medium
trajectories,4,8.32e-07,12,0.4117647058823529,Hard
transatlantic,4,1.58e-06,13,0.4705882352941176,Hard
transcript,2,5.01e-06,10,0.3169285714285714,Medium
transcription,3,3.47e-06,13,0.32024101307189545,Medium
transcripts,2,2.57e-06,11,0.3161764705882353,Medium
transfer,2,5.25e-05,8,0.22430555555555554,Easy
transgression,3,7.76e-07,13,0.4736842105263158,Hard
transgressors,3,9.77e-08,13,0.4254901960784313,Hard
transition,3,2.88e-05,10,0.2647058823529411,Medium
translation,3,2.45e-05,11,0.2851973684210526,Medium
transmission,3,2.14e-05,12,0.28610248447204967,Medium
transporter,3,1.55e-06,11,0.29411764705882354,Medium
transposition,4,3.47e-07,13,0.4359375,Hard
trap,1,2.14e-05,4,0.3226495726495726,Medium
traps,1,5.75e-06,5,0.21875,Easy
trauma,2,1.38e-05,6,0.3625,Hard
travail,2,3.24e-07,7,0.5740214646464646,Hard
travel,2,0.0001,6,0.1648351648351648,Easy
travels,2,1.12e-05,7,0.2763157894736842,Medium
treads,1,7.24e-07,6,0.35,Hard
treason,2,6.92e-06,7,0.3026315789473685,Medium
treasures,3,5.01e-06,9,0.27205882352941174,Medium
treatment,2,0.000102,9,0.16390350877192977,Easy
treatments,2,1.23e-05,10,0.1488095238095238,Easy
tree,1,7.08e-05,4,0.215079365079365,Easy
trees,1,4.9e-05,5,0.17499999999999993,Easy
tremor,2,1.12e-06,6,0.3088235294117647,Medium
trends,1,2.09e-05,6,0.203125,Easy
trepidation,4,5.25e-07,11,0.4705882352941176,Hard
tresses,2,3.47e-07,7,0.671875,Hard
trial,1,7.41e-05,5,0.1764705882352941,Easy
trials,1,2.09e-05,6,0.234375,Easy
tribe,2,1.32e-05,5,0.25056022408963585,Medium
tribes,2,1.07e-05,6,0.19232026143790848,Easy
tributes,3,1.86e-06,8,0.375,Hard
triumph,1,9.12e-06,7,0.2,Easy
triumphing,2,1.66e-07,10,0.4027777777777778,Hard
trouble,2,6.17e-05,7,0.2613636363636363,Medium
troughs,1,5.13e-07,7,0.4930555555555556,Hard
trust,1,0.000135,5,0.15781249999999994,Easy
trusts,1,6.31e-06,6,0.15,Easy
truth,1,0.000112,5,0.1835514077425842,Easy
tsunami,3,3.31e-06,7,0.34375,Medium
tubules,3,1.91e-07,7,0.5049715909090908,Hard
tumbleweed,3,3.47e-07,10,0.275,Medium
tumour,2,2.45e-06,6,0.3392857142857143,Medium
tumult,2,5.01e-07,6,0.5892857142857143,Hard
turn,1,0.000209,4,0.24680524132730014,Medium
turnover,3,6.03e-06,8,0.2794117647058823,Medium
turtledove,4,7.24e-08,10,0.40572916666666664,Hard
turtledoves,4,2.09e-08,11,0.328125,Medium
twentieth,2,6.31e-06,9,0.1176470588235294,Easy
twins,1,1.41e-05,5,0.1607142857142857,Easy
types,2,7.08e-05,5,0.16771978021978018,Easy
unanimity,5,3.47e-07,9,0.484375,Hard
unbeliever,4,2.19e-07,10,0.2,Easy
uncertainties,4,2.45e-06,13,0.369047619047619,Hard
underpinning,4,7.59e-07,12,0.5535714285714286,Hard
understanding,4,6.61e-05,13,0.19074074074074068,Easy
undertaking,4,5.25e-06,11,0.2857142857142857,Medium
unfaithfulness,4,8.91e-08,14,0.2666666666666667,Medium
uniformity,5,1.07e-06,10,0.4166666666666666,Hard
unit,2,8.91e-05,4,0.2333333333333333,Easy
upgrading,3,4.17e-06,9,0.2647058823529411,Medium
uppermost,3,5.01e-07,9,0.3181818181818182,Medium
upright,2,5.5e-06,7,0.375,Hard
upswing,2,4.57e-07,7,0.35,Hard
urine,3,6.92e-06,5,0.22916666666666666,Easy
usage,3,1.7e-05,5,0.3161764705882353,Medium
usefulness,4,2.14e-06,10,0.238095238095238,Easy
usury,3,3.47e-07,5,0.47989766081871343,Hard
utero,3,5.01e-07,5,0.375,Hard
valley,2,5.25e-05,6,0.2322721018231854,Easy
valor,2,1.7e-06,5,0.3833333333333333,Hard
value,2,0.000141,5,0.2528799019607843,Medium
values,2,4.68e-05,6,0.22668067226890756,Easy
vanities,3,3.31e-07,8,0.4208333333333333,Hard
vanity,3,5.5e-06,6,0.3326719576719577,Medium
variability,5,2.4e-06,11,0.3333333333333333,Medium
variant,2,6.03e-06,7,0.3323412698412699,Medium
variants,2,5.01e-06,8,0.3138655462184874,Medium
variation,3,1.2e-05,9,0.2583333333333333,Medium
variations,3,1.23e-05,10,0.40625,Hard
variety,3,5.62e-05,7,0.18844246031746031,Easy
vats,1,5.13e-07,4,0.4558823529411765,Hard
vectors,2,2.88e-06,7,0.4666666666666667,Hard
vehicles,3,4.17e-05,8,0.3333333333333333,Medium
veil,1,4.57e-06,4,0.3375,Medium
velocity,4,8.32e-06,8,0.4047619047619047,Hard
vengeance,3,4.79e-06,9,0.25,Medium
vermilion,3,5.62e-07,9,0.6375,Hard
version,2,0.000117,7,0.265139751552795,Medium
vertebrate,4,9.33e-07,10,0.30220588235294116,Medium
vesicle,3,2.63e-07,7,0.6484375,Hard
vesicles,3,5.62e-07,8,0.5723856209150328,Hard
vessel,2,1.86e-05,6,0.2321428571428571,Easy
vessels,2,1.58e-05,7,0.32631578947368417,Medium
veto,2,4.47e-06,4,0.3068181818181817,Medium
viability,4,2.75e-06,9,0.34290137107474566,Medium
view,1,0.000155,4,0.14019607843137252,Easy
views,1,6.76e-05,5,0.2222222222222222,Easy
vigilance,4,1.45e-06,9,0.40625,Hard
villages,3,1.48e-05,8,0.2083333333333333,Easy
vineyard,3,3.47e-06,8,0.302593954248366,Medium
vineyards,3,2.29e-06,9,0.2599826388888889,Medium
violation,3,1.41e-05,9,0.3157894736842105,Medium
violations,3,9.77e-06,10,0.2638888888888888,Medium
violence,3,5.62e-05,8,0.1833333333333333,Easy
virginity,4,3.02e-06,9,0.23050595238095234,Easy
virgins,2,1.91e-06,7,0.234375,Easy
virtue,2,8.71e-06,6,0.3529411764705882,Hard
virus,2,2.63e-05,5,0.23809523809523805,Easy
visa,2,1.35e-05,4,0.2916666666666666,Medium
visas,2,2.95e-06,5,0.2857142857142857,Medium
vision,2,4.27e-05,6,0.23115079365079363,Easy
visions,2,5.75e-06,7,0.1875,Easy
visit,2,0.00011,5,0.140625,Easy
visits,2,2e-05,6,0.1346153846153846,Easy
visualization,5,2.09e-06,13,0.3636363636363636,Hard
voice,2,0.000117,5,0.20555555555555557,Easy
voices,2,2.24e-05,6,0.1842105263157895,Easy
volatility,5,3.09e-06,10,0.40476190476190477,Hard
volume,3,5.75e-05,6,0.1666666666666666,Easy
volunteers,3,1.95e-05,10,0.2205882352941176,Easy
von,1,1.48e-05,3,0.53125,Hard
vote,2,0.000129,4,0.19326569264069263,Easy
votes,2,4.37e-05,5,0.16708002645502643,Easy
waist,1,9.12e-06,5,0.175,Easy
wall,1,0.00011,4,0.29270833333333335,Medium
wardrobe,3,6.31e-06,8,0.3333333333333333,Medium
wares,2,1.51e-06,5,0.2142857142857143,Easy
wars,1,3.89e-05,4,0.2777777777777778,Medium
waste,2,6.46e-05,5,0.1111111111111111,Easy
watchmen,2,8.91e-07,8,0.3888888888888888,Hard
water,2,0.000331,5,0.2096153846153846,Easy
waters,2,2.82e-05,6,0.15851715686274506,Easy
watershed,3,3.39e-06,9,0.3571428571428571,Hard
waterway,3,1.51e-06,8,0.3263888888888889,Medium
wavelength,3,2.82e-06,10,0.3529411764705882,Hard
waves,2,2.34e-05,5,0.359375,Hard
way,1,0.00102,3,0.0999999999999999,Easy
ways,1,0.000115,4,0.22058823529411759,Easy
weakness,2,1.55e-05,8,0.2916666666666666,Medium
weapons,2,5.62e-05,7,0.1607142857142857,Easy
weariness,3,4.27e-07,9,0.2647058823529411,Medium
webbing,2,5.62e-07,7,0.3371848739495798,Medium
webs,1,1.2e-06,4,0.25,Medium
week,1,0.000363,4,0.21773182957393475,Easy
weeks,1,0.000155,5,0.20036231884057973,Easy
weep,1,2.34e-06,4,0.15955882352941175,Easy
weight,1,0.000105,6,0.19691692466460264,Easy
weights,1,7.24e-06,7,0.2678571428571429,Medium
welts,1,1.86e-07,5,0.375,Hard
west,1,0.000195,4,0.16776315789473678,Easy
wheat,1,1.02e-05,5,0.2352941176470588,Easy
wheels,1,1.78e-05,6,0.25,Medium
whisker,2,3.63e-07,7,0.35,Hard
whisper,2,5.5e-06,7,0.234375,Easy
whole,2,0.000288,5,0.265625,Medium
wickedness,3,8.51e-07,10,0.3512987012987012,Hard
widow,2,1.2e-05,5,0.20892857142857146,Easy
widowhood,3,1.7e-07,9,0.2638888888888888,Medium
widows,2,2.29e-06,6,0.2166666666666666,Easy
wife,2,0.00017,4,0.18379435107376277,Easy
wilderness,3,8.91e-06,10,0.19998746867167919,Easy
wind,1,6.92e-05,4,0.3125,Medium
window,2,6.31e-05,6,0.19999999999999996,Easy
winds,1,1.66e-05,5,0.25,Medium
windscreen,2,8.13e-07,10,0.25,Medium
wine,2,5.5e-05,4,0.16435185185185183,Easy
wings,1,2.75e-05,5,0.15048732943469784,Easy
winners,2,2.69e-05,7,0.15,Easy
wires,2,7.08e-06,5,0.2368421052631579,Easy
wisdom,2,2e-05,6,0.19691375875586398,Easy
withal,2,1.48e-07,6,0.5333333333333333,Hard
witness,2,3.31e-05,7,0.24719887955182068,Medium
witnesses,3,1.95e-05,9,0.22058823529411759,Easy
wives,2,1.2e-05,5,0.1906954887218045,Easy
wizard,2,8.51e-06,6,0.3157894736842105,Medium
wk,1,1.05e-06,2,0.5859722222222222,Hard
wolf,1,2.24e-05,4,0.1973684210526315,Easy
womb,1,4.27e-06,4,0.234375,Easy
wombs,1,1.86e-07,5,0.28125,Medium
wonders,2,1e-05,7,0.24652777777777776,Medium
wood,1,6.03e-05,4,0.1344340861344538,Easy
word,1,0.000182,4,0.18424836601307187,Easy
wording,2,3.55e-06,7,0.24760348583877992,Medium
words,1,0.000178,5,0.1639583333333333,Easy
work,1,0.000912,4,0.23009607351712616,Easy
workers,2,8.91e-05,7,0.25625,Medium
works,1,0.000195,5,0.25,Medium
wormwood,2,3.98e-07,8,0.6082589285714286,Hard
worshipper,3,2.82e-07,10,0.2166666666666666,Easy
worth,1,0.000145,5,0.4499999999999999,Hard
wrath,1,5.01e-06,5,0.2761111111111111,Medium
wreck,1,9.12e-06,5,0.2647058823529411,Medium
writers,2,3.55e-05,7,0.2058823529411764,Easy
wrongdoing,2,1.82e-06,10,0.234375,Easy
xenophobia,4,1.15e-06,10,0.5258928571428572,Hard
yachtsman,2,1.29e-07,9,0.5,Hard
year,2,0.000912,4,0.22424194677871148,Easy
years,2,0.000912,5,0.14373931623931624,Easy
yeast,2,4.68e-06,5,0.29474206349206344,Medium
yeasts,2,3.16e-07,6,0.35,Hard
yoke,2,1.23e-06,4,0.4894957983193277,Hard
yourselves,4,7.24e-06,10,0.2603174603174603,Medium
youth,2,5.62e-05,5,0.19449404761904762,Easy
zither,2,1.02e-07,6,0.4875,Hard
zone,2,5.25e-05,4,0.23993148395721925,Easy
